"job_code","job_title","aliases","tools","skills","knowledge","abilities","work_context","career_path_next","description","responsibilities"
"11-9179.00","مدیران خدمات شخصی، سایر (Personal Service Managers, All Other)","مدیر آرایشگاه | مدیر سالن زیبایی | مدیر اسپا | مدیر سالن تراش | مدیر خدمات مراقبت شخصی | مدیر خدمات شخصی | مدیر سالن خدمات حیوانات | مدیر سالن | مدیر مرکز wellness | مدیر عملیات خدمات شخصی","Microsoft Excel | Microsoft Word | Microsoft PowerPoint | Microsoft Outlook | Microsoft Office software | Email software | Microsoft Access | Microsoft SharePoint | Web browser software | Database software | Google Docs | Calendar management software | Spreadsheet programs | Adobe Acrobat | Microsoft Project | SAP software | Enterprise resource planning ERP system | Human resources management system HRMS | Microsoft Power BI | Scheduling software | Inventory management systems","درک مطلب | تفکر انتقادی | گوش دادن فعال | صحبت‌کردن | نوشتن | نظارت | یادگیری فعال | راهبردهای یادگیری","خدمات مشتری و خدمات شخصی | مدیریت و اداره | پرسنل و منابع انسانی | فروش و بازاریابی | زبان انگلیسی | اقتصاد و حسابداری | آموزش و پرورش | روان‌شناسی | رایانه و الکترونیک","درک شنیداری | بیان شفاهی | وضوح گفتار | تشخیص گفتار | بینایی نزدیک | حساسیت به مسئله | مرتب‌سازی اطلاعات | استدلال قیاسی | استدلال استقرایی | درک نوشتاری | توجه انتخابی | انعطاف‌پذیری مقوله‌ای | تقسیم توجه | چالاکی انگشت | چالاکی دست | بینایی دور | به‌خاطرسپاری | سیالیت ایده | بیان نوشتاری","تعامل با دیگران | سروکار داشتن با مشتریان خارجی یا عموم مردم | گفت‌وگوی رودررو با افراد و در درون تیم‌ها | نزدیکی فیزیکی | صرف زمان به‌صورت ایستاده | صرف زمان برای راه رفتن یا دویدن | کار یا مشارکت با یک گروه یا تیم کاری | مکالمات تلفنی | در فضای سرپوشیده با کنترل محیطی | اهمیت تکرار وظایف یکسان | فشار زمانی | سروکار داشتن با افراد ناخوشایند، عصبانی یا بی‌ادب | صرف وقت برای استفاده از دست برای نگاهداری، کنترل یا احساس اشیاء، ابزار یا کنترل‌ها | فراوانی تصمیم‌گیری | آزادی عمل در تصمیم‌گیری | هماهنگی یا رهبری دیگران در انجام فعالیت‌های کاری | پیامدها و نتایج کاری سایر کارکنان | سخنرانی عمومی | موقعیت‌های تعارض‌آمیز | سطح رقابت | ایمیل | تأثیر تصمیمات بر همکاران یا نتایج شرکت","هماهنگ کنندگان تناسب اندام و wellness | مدیران اسپا | مدیران کنار تهی | مدیران اقامتی | مدیران خدمات غذایی | مدیران قمار | مدیران سرگرمی و تفریح، به جز قمار | مدیران عمومی و عملیات | مدیران خدمات اداری | مالکان و مدیران ملک، ملک و انجمن همسایگان | مدیران خدمات اجتماعی و جامعه | مدیران منابع انسانی | مدیران فروش | مدیران بازاریابی | رئیس اجرائیین | مدیران خدمات پزشکی و بهداشتی | مدیران خریدوفروش | مدیران آموزش و توسعه | سرپرستان اول کارگران خدمات شخصی | کارگران خدمات شخصی و مراقبت، سایر","نقش‌گذاری، هدایت و هماهنگ عملیات سازمان‌های خدمات شخصی که به طور جداگانه طبقه‌بندی نشده‌اند.","استخدام، آموزش، برنامه‌ریزی و ارزیابی کارکنان خدمات | تعیین معیارهای خدمات، قیمت‌گذاری و رویه‌های عملیاتی | نظارت بر درآمد، هزینه‌ها و سودآوری و تهیه بودجه عملیاتی | حل شکایات مشتریان و اطمینان از رضایت مشتری از خدمات ارائه شده | سفارش و نگهداری موجودی مواد مصرفی، محصولات و تجهیزات | تضمین رعایت مقررات بهداشتی، ایمنی، بهداشت و صدور مجوز | توسعه و اجرای برنامه‌های بازاریابی، تبلیغات و حفظ مشتری | بازرسی تأسیسات و تجهیزات برای تأیید تمیزی، ایمنی و وضعیت کارکردی | نگهداری سوابق قرارملاقات، فروش، حقوق و دستمزد و موجودی | مذاکره با قرارداد با تأمین کنندگان، فروشندگان و ارائه‌دهندگان خدمات | تجزیه و تحلیل روند خدمات و بازخورد مشتری برای تعدیل پیشنهادات | آموزش کارکنان در محصولات جدید، تکنیک‌ها و شیوه‌های خدمات به مشتری"
"11-9179.01","هماهنگ کنندگان تناسب اندام و بهزیستی (Fitness and Wellness Coordinators)","مدیر برنامه‌های بالینی و wellness | مدیر مرکز تناسب اندام | هماهنگ کننده تناسب اندام | مدیر تناسب اندام | هماهنگ کننده تناسب اندام و wellness | مدیر تناسب اندام و wellness | مدیر گروه تناسب اندام (GFM) | مدیر wellness | مدیر برنامه‌های wellness | مدیر wellness و کوچینگ","Adobe Acrobat | Airtable | Email software | Google Workspace software | MicroFit HealthWizard | Microsoft Excel | Microsoft Office software | Microsoft Outlook | Microsoft PowerPoint | Microsoft Publisher | Microsoft Windows | Microsoft Word | Oracle HRIS | Payroll software | Web browser software | Work scheduling software","صحبت‌کردن | گوش دادن فعال | درک مطلب | تفکر انتقادی | نوشتن | نظارت | راهبردهای یادگیری | یادگیری فعال","خدمات مشتری و خدمات شخصی | آموزش و پرورش | مدیریت و اداره | زبان انگلیسی | اداری | فروش و بازاریابی | پرسنل و منابع انسانی | روان‌شناسی | ارتباطات و رسانه","درک شنیداری | بیان شفاهی | استدلال قیاسی | درک نوشتاری | تشخیص گفتار | وضوح گفتار | بیان نوشتاری | حساسیت به مسئله | استدلال استقرایی | مرتب‌سازی اطلاعات | بینایی نزدیک | سیالیت ایده | انعطاف‌پذیری مقوله‌ای | خلاقیت (اصالت فکر) | بینایی دور | قدرت تنه بدن | به‌خاطرسپاری","ایمیل | گفت‌وگوی رودررو با افراد و در درون تیم‌ها | مکالمات تلفنی | تعامل با دیگران | کار یا مشارکت با یک گروه یا تیم کاری | در فضای سرپوشیده با کنترل محیطی | آزادی عمل در تصمیم‌گیری | تعیین وظایف، اولویت‌ها و اهداف | هماهنگی یا رهبری دیگران در انجام فعالیت‌های کاری | سلامت و ایمنی سایر کارکنان | سروکار داشتن با مشتریان خارجی یا عموم مردم | پیامدها و نتایج کاری سایر کارکنان","هماهنگ کنندگان تناسب اندام و wellness | مدیران خدمات شخصی، سایر | مدیران مرکز درمانی و بهزیستی","سازمان و نظارت برنامه‌های تناسب اندام و wellness برای سازمان‌ها.","توسعه و اجرای برنامه‌های تناسب اندام و بهزیستی | نظارت بر کارکنان و تأمین منابع | ارائه آموزش و هدایت در استفاده از تجهیزات | برگزاری کلاس‌های گروهی و جلسات فردی | نگهداری و نظم‌وسازمان تجهیزات | ارزیابی پیشرفت و انگیزه‌دهی مشارکین | نگهداری سوابق شرکت‌کنندگان و عضویت"
"11-9179.02","مدیران اسپا (Spa Managers)","مدیر بخش ماساژ | مدیر سالن | مدیر اسپا | مدیر اسپا | مدیر اسپا و تجربه مهمان","Bizlink Salon Manager | Booker Software SpaBooker | CRIMPERS Management Software CRIMPERS Salon Software | CSI Software Spa Management | ClienTrak! | DaySmart Software Salon Iris | Elite Software Elite Salon & Spa Management | Elite Software Elite Salon & Spa Payroll | Envision Salon | Facebook | Floydware Rosy | Innovative Business Computer Solutions Spa/Salon Manager | Leprechaun Spa and Salon Software | MIKAL SMS | MINDBODY business management software | ManageMySpa | Microsoft Excel | Microsoft Office software | Microsoft Outlook | Microsoft PowerPoint | Microsoft Word | Milano Spa | Millennium SpaSalon | Neill Technologies SpaBiz | Oracle Taleo | PAR Technology SpaSoft | ProSolutions Software Transcend | Rogers Software Development SuperSalon | Shortcuts Software Shortcuts Spa | SpaGuru | Syntec Systems Insight | TouchSuite Salon | Twitter | Web browser software | YouTube | intelligenz Solutions intelliSpa","نظارت | صحبت‌کردن | تفکر انتقادی | گوش دادن فعال | یادگیری فعال | درک مطلب | راهبردهای یادگیری | نوشتن","اداری | خدمات مشتری و خدمات شخصی | مدیریت و اداره | زبان انگلیسی | آموزش و پرورش | پرسنل و منابع انسانی | فروش و بازاریابی | ریاضیات | اقتصاد و حسابداری","درک شنیداری | بیان شفاهی | حساسیت به مسئله | تشخیص گفتار | وضوح گفتار | استدلال قیاسی | استدلال استقرایی | درک نوشتاری | سیالیت ایده | بیان نوشتاری | مرتب‌سازی اطلاعات | انعطاف‌پذیری مقوله‌ای | بینایی نزدیک | خلاقیت (اصالت فکر) | توجه انتخابی | مهارت عددی","تعامل با دیگران | گفت‌وگوی رودررو با افراد و در درون تیم‌ها | مکالمات تلفنی | کار یا مشارکت با یک گروه یا تیم کاری | فراوانی تصمیم‌گیری | تأثیر تصمیمات بر همکاران یا نتایج شرکت | سروکار داشتن با مشتریان خارجی یا عموم مردم | هماهنگی یا رهبری دیگران در انجام فعالیت‌های کاری | در فضای سرپوشیده با کنترل محیطی | آزادی عمل در تصمیم‌گیری | نزدیکی فیزیکی | ایمیل | تعیین وظایف، اولویت‌ها و اهداف | اهمیت دقیق یا صحیح بودن | سلامت و ایمنی سایر کارکنان | پیامدها و نتایج کاری سایر کارکنان | فشار زمانی","مدیران خدمات شخصی، سایر","مدیریت عملیات روزمره اسپا و سالن‌های مراقبت از پوست.","استخدام و آموزش کارکنان درمانی و ماساژ | معیارهای کیفیت خدمات و مدیریت رزرو | نظارت بر درآمد و هزینه‌ها | اطمینان از رضایت مشتری | نگهداری و تمیزکاری تأسیسات"
"11-9199.00","مدیران، سایر (Managers, All Other)","مدیر تجاری | مدیر بخش | مدیر عملیات | مدیر منطقه | مدیر دایره | مدیر عمومی | مدیر عملیات | مدیر برنامه | مدیر منطقه ای | مدیر واحد","Microsoft Excel | Microsoft Word | Microsoft PowerPoint | Microsoft Outlook | Microsoft Office software | Email software | Microsoft Access | Microsoft SharePoint | Web browser software | Database software | Google Docs | Calendar management software | Spreadsheet programs | Adobe Acrobat | Microsoft Project | SAP software | Enterprise resource planning ERP system | Human resources management system HRMS | Microsoft Power BI","درک مطلب | تفکر انتقادی | گوش دادن فعال | صحبت‌کردن | نوشتن | نظارت | یادگیری فعال | راهبردهای یادگیری","مدیریت و اداره | پرسنل و منابع انسانی | زبان انگلیسی | خدمات مشتری و خدمات شخصی | اقتصاد و حسابداری | آموزش و پرورش | رایانه و الکترونیک | حقوق و دولت | فروش و بازاریابی | ارتباطات و رسانه","درک شنیداری | درک نوشتاری | بیان شفاهی | بیان نوشتاری | استدلال قیاسی | استدلال استقرایی | مرتب‌سازی اطلاعات | حساسیت به مسئله | بینایی نزدیک | وضوح گفتار | تشخیص گفتار | انعطاف‌پذیری مقوله‌ای | سیالیت ایده | خلاقیت (اصالت فکر) | توجه انتخابی | تقسیم توجه | تجسم ذهنی | به‌خاطرسپاری","ایمیل | مکالمات تلفنی | گفت‌وگوی رودررو با افراد و در درون تیم‌ها | در فضای سرپوشیده با کنترل محیطی | صرف زمان به‌صورت نشسته | تعامل با دیگران | کار یا مشارکت با یک گروه یا تیم کاری | آزادی عمل در تصمیم‌گیری | تعیین وظایف، اولویت‌ها و اهداف | اهمیت دقیق یا صحیح بودن | فشار زمانی | نامه‌ها و یادداشت‌های نوشتاری | فراوانی تصمیم‌گیری | تأثیر تصمیمات بر همکاران یا نتایج شرکت | سروکار داشتن با مشتریان خارجی یا عموم مردم | هماهنگی یا رهبری دیگران در انجام فعالیت‌های کاری | پیامدها و نتایج کاری سایر کارکنان | سخنرانی عمومی | موقعیت‌های تعارض‌آمیز | سطح رقابت","مدیران عمومی و عملیات | رئیس اجرائیین | مدیران مالی | مدیران منابع انسانی | مدیران بازاریابی | مدیران فروش","مدیریت فعالیت‌های کسب‌وکار که به طور جداگانه طبقه‌بندی نشده‌اند.","برنامه‌ریزی و نظارت بر فعالیت‌های عملیاتی | استخدام و آموزش کارکنان | بودجه‌گذاری و کنترل مالی | ارزیابی کارکرد کارکنان | حل‌وفصل مشکلات و شکایات"
"11-9199.01","مدیران امور نظارتی (Regulatory Affairs Managers)","مدیر CMC (مدیر شیمی، تولید و کنترل) | مدیر انطباق | مدیر RA جهانی (مدیر امور نظارتی جهانی) | مدیر RA جهانی (مدیر امور نظارتی جهانی) | مدیر RA (مدیر امور نظارتی) | مدیر RA (مدیر امور نظارتی) | مدیر RA QA (مدیر RA اطمینان از کیفیت) | RA VP (معاون امور نظارتی) | مدیر نظارتی | مدیر RA واکسن (مدیر امور نظارتی واکسن)","Adlib Express | Adobe Acrobat | Analyse-it | Aris Global Register | Axway eSubmissions | Database software | Datafarm S-Cubed | Datafarm a-Pulse | Datafarm eCTDGatekeeper | Datafarm eCTDViewer | Dialog DialogLink | Document publishing software | DoubleBridge ROSETTA Phoenix eCTD Viewer | DoubleBridge ROSETTA Pyramid | DoubleBridge ROSETTA Sceptre | DoubleBridge ROSETTA Scribe | Electronic common technical document eCTD software | Electronic common technical document eCTD validating software | Electronic common technical document eCTD viewing software | Electronic document management system EDMS | Enterprise content management ECM software | Extedo DOCvalidator | Extedo PLmanager | Extedo eCTDmanager Suite | GlobalSubmit REVIEW | GlobalSubmit VALIDATE | IBM Notes | Image Solutions ISIPublisher | Image Solutions eCTDXpress | Integrated development environment IDE software | Lorenz DocuBridge | Lorenz eValidator | Lorenz labelBridge | MasterControl software | MedXView eCTDauditor | MediRegs E-dition Compliance Monitor | MediRegs Pharmaceutical Regulation Suite | MediRegs Regulation and Reimbursement Suite | MediRegs Risk Assessment Manager | Microsoft Access | Microsoft Excel | Microsoft Office software | Microsoft Outlook | Microsoft PowerPoint | Microsoft Project | Microsoft SharePoint | Microsoft Visio | Microsoft Windows | Microsoft Word | Octagon StartingPoint | Octagon ViewPoint eCTD Complete | Pilgrim Regulatory Submission | Risk management software | SAP EHS Management | SAP software | Samarind RMS | Software development tools | Statistical analysis software | Structured query language SQL | Tableau | Take Solutions PharmaReady Document Management System | Thomson Reuters Liquent CoreDossier Submission Accelerator for eCTD | Thomson Reuters Liquent InSight Suite | Total quality management TQM software | Virtify eCTD | Web browser software | XML authoring software","نوشتن | درک مطلب | صحبت‌کردن | گوش دادن فعال | تفکر انتقادی | نظارت | یادگیری فعال | راهبردهای یادگیری","زبان انگلیسی | حقوق و دولت | مدیریت و اداره | زیست‌شناسی | آموزش و پرورش | اداری | شیمی","بیان نوشتاری | درک نوشتاری | بیان شفاهی | درک شنیداری | استدلال قیاسی | استدلال استقرایی | حساسیت به مسئله | بینایی نزدیک | تشخیص گفتار | وضوح گفتار | مرتب‌سازی اطلاعات | سیالیت ایده | خلاقیت (اصالت فکر) | انعطاف‌پذیری مقوله‌ای","ایمیل | کار یا مشارکت با یک گروه یا تیم کاری | صرف زمان به‌صورت نشسته | گفت‌وگوی رودررو با افراد و در درون تیم‌ها | مکالمات تلفنی | اهمیت دقیق یا صحیح بودن | در فضای سرپوشیده با کنترل محیطی | تعامل با دیگران | هماهنگی یا رهبری دیگران در انجام فعالیت‌های کاری | تأثیر تصمیمات بر همکاران یا نتایج شرکت | تعیین وظایف، اولویت‌ها و اهداف | آزادی عمل در تصمیم‌گیری | فشار زمانی | فراوانی تصمیم‌گیری","متخصصان امور نظارتی | مدیران تطابق | مدیران امور نظارتی جهانی","مدیریت امور نظارتی برای شرکت‌های دارویی و زیستی‌فناوری.","نظارت بر رعایت مقررات دولتی | هماهنگی با دستگاه‌های نظارتی | آماده‌سازی مستندات نظارتی | مدیریت فرآیند تأیید محصول | نگهداری و به‌روزرسانی سوابق نظارتی"
"11-9199.02","مدیران انطباق (Compliance Managers)","مدیر انطباق | مدیر تطابق | معاون انطباق","80-20 Software Leaders4 | ARC Logics Sword | Actimize Brokerage Compliance Solutions | Adobe Acrobat | Agiliance Compliance Manager | Aline GRC | Apple Safari | Archer Compliance Management | AssurX CATSWeb | AssurX Financial Services Compliance Management System | Audit2 AdaptiveGRC | Axentis Compliance Management | BPS Compliance | BWise Compliance Management | CMO Compliance Regulatory Compliance Solution | Compliance 360 | Compliance11 Supervisory Suite | ComplianceBridge Total Compliance | ControlCase Compliance Manager | Cura Software Solutions Cura for Compliance Management | Data analysis software | Database management software | DoubleCheck GRC&T Platform | Email software | EtQ Environmental Health and Safety Software | EtQ FDA cGxP Compliance Software for Life Sciences | FRSGlobal RegPro | Fidessa Compliance Manager | Governance, risk, and compliance GRC software | Guideline Risk Technologies RUBI | Healthcare common procedure coding system HCPCS | Horwath Software Magique | Human resource information system (HRIS) | IBM Notes | Keane SCORE | LRN Ethics and Compliance Alliance | LexisNexis | MasterControl MD | MasterControl TotalPharma | MediRegs ComplyTrack | Methodware ERA | MetricStream Compliance Management | MetricStream Enterprise Compliance Platform | MetricStream Regulatory Reporting | Microsoft Access | Microsoft Excel | Microsoft Internet Explorer | Microsoft Office software | Microsoft Outlook | Microsoft PowerPoint | Microsoft Project | Microsoft SharePoint | Microsoft Visio | Microsoft Windows | Microsoft Word | Modulo Risk Manager | Mozilla Firefox | MyComplianceOffice Compliance Operations Management System | Neohapsis Certus GRC | Oracle Enterprise Governance, Risk, and Compliance Manager | Oracle Insurance Compliance Tracker | Protiviti Governance Portal | QUMAS quality management solution software | RVR Systems Compliance | Resolve Legislative Compliance Management | SAP BEx Report Designer | Scheduling software | StataCorp Stata | Sword Achiever Compliance Portal Dashboard | Tax accounting software | Tax software | The Garland Group RiskKey | Thomson Reuters Paisley Enterprise GRC | Web browser software | policyIQ","درک مطلب | تفکر انتقادی | گوش دادن فعال | نوشتن | صحبت‌کردن | یادگیری فعال | نظارت | راهبردهای یادگیری","حقوق و دولت | زبان انگلیسی | مدیریت و اداره | خدمات مشتری و خدمات شخصی | پرسنل و منابع انسانی | رایانه و الکترونیک | آموزش و پرورش | اداری | ایمنی و امنیت عمومی","بیان نوشتاری | حساسیت به مسئله | بیان شفاهی | درک شنیداری | درک نوشتاری | استدلال قیاسی | استدلال استقرایی | وضوح گفتار | بینایی نزدیک | تشخیص گفتار | مرتب‌سازی اطلاعات | انعطاف‌پذیری مقوله‌ای | توجه انتخابی | سیالیت ایده | بینایی دور","ایمیل | گفت‌وگوی رودررو با افراد و در درون تیم‌ها | مکالمات تلفنی | کار یا مشارکت با یک گروه یا تیم کاری | در فضای سرپوشیده با کنترل محیطی | تعامل با دیگران | اهمیت دقیق یا صحیح بودن | تعیین وظایف، اولویت‌ها و اهداف | فشار زمانی | آزادی عمل در تصمیم‌گیری | تأثیر تصمیمات بر همکاران یا نتایج شرکت | هماهنگی یا رهبری دیگران در انجام فعالیت‌های کاری | فراوانی تصمیم‌گیری | سلامت و ایمنی سایر کارکنان | صرف زمان به‌صورت نشسته | سروکار داشتن با مشتریان خارجی یا عموم مردم | پیامدها و نتایج کاری سایر کارکنان | اهمیت تکرار وظایف یکسان | نامه‌ها و یادداشت‌های نوشتاری","افسران انطباق | متخصصان امور نظارتی","اطمینان از انطباق سازمان با قوانین و مقررات.","توسعه و اجرای سیاست‌های انطباق | آموزش کارکنان در مورد الزامات قانونی | نظارت بر فعالیت‌های انطباق | تحقیق و حل شکایات | نگهداری سوابق انطباق"
"11-9199.08","مدیران پیشگیری از خسارت (Loss Prevention Managers)","مدیر امنیت | مدیر کنترل خسارت | مدیر کنترل ریسک","Enabl-u Technologies APIS | Enterprise application integration EAI software | Financial accounting software | Google Workspace software | IBM Lotus Notes | Inventory tracking software | MICROS XBR Loss Prevention | Microsoft Access | Microsoft Excel | Microsoft Office software | Microsoft Outlook | Microsoft PowerPoint | Microsoft Project | Microsoft SharePoint | Microsoft Windows | Microsoft Word | MySQL | Personnel management software | Reporting software | SAP software | Structured query language SQL | Time reporting software | Work scheduling software","صحبت‌کردن | گوش دادن فعال | درک مطلب | تفکر انتقادی | نظارت | نوشتن | یادگیری فعال | راهبردهای یادگیری","ایمنی و امنیت عمومی | حقوق و دولت | مدیریت و اداره | زبان انگلیسی | آموزش و پرورش | خدمات مشتری و خدمات شخصی | روان‌شناسی | رایانه و الکترونیک | پرسنل و منابع انسانی | ریاضیات | اداری","حساسیت به مسئله | بیان شفاهی | درک شنیداری | بینایی نزدیک | درک نوشتاری | بیان نوشتاری | استدلال قیاسی | استدلال استقرایی | وضوح گفتار | تشخیص گفتار | خلاقیت (اصالت فکر) | انعطاف‌پذیری مقوله‌ای | توجه انتخابی | بینایی دور | مرتب‌سازی اطلاعات | سیالیت ایده | انعطاف‌پذیری بستار","ایمیل | تعامل با دیگران | مکالمات تلفنی | در فضای سرپوشیده با کنترل محیطی | گفت‌وگوی رودررو با افراد و در درون تیم‌ها | سلامت و ایمنی سایر کارکنان | کار یا مشارکت با یک گروه یا تیم کاری | آزادی عمل در تصمیم‌گیری | تأثیر تصمیمات بر همکاران یا نتایج شرکت | تعیین وظایف، اولویت‌ها و اهداف | فراوانی تصمیم‌گیری | سروکار داشتن با مشتریان خارجی یا عموم مردم | موقعیت‌های تعارض‌آمیز | فشار زمانی | اهمیت دقیق یا صحیح بودن | هماهنگی یا رهبری دیگران در انجام فعالیت‌های کاری | نامه‌ها و یادداشت‌های نوشتاری | پیامدها و نتایج کاری سایر کارکنان","متخصصان مدیریت امنیت | مدیران عمومی و عملیات","توسعه و اجرای برنامه‌های پیشگیری از خسارت و کنترل ریسک.","توسعه استراتژی‌های پیشگیری از خسارت | نظارت بر حوادث و حادثه‌ها | تحقیق در مورد خسارت‌ها | آموزش کارکنان در نحوه پیشگیری از حوادث | تجزیه و تحلیل داده‌های خسارت"
"11-9199.09","مدیران عملیات انرژی بادی (Wind Energy Operations Managers)","مدیر عملیات نیروگاه بادی | مدیر پروژه انرژی بادی | مدیر تولید انرژی بادی","Autodesk AutoCAD | Computerized diagnostic software | Computerized maintenance management system CMMS | Employee scheduling software | Gensuite | IBM Lotus Notes | Inventory control software | Local area network LAN software | Microsoft Excel | Microsoft Office software | Microsoft Outlook | Microsoft PowerPoint | Microsoft Project | Microsoft Word | Oracle Enterprise Asset Management eAM | Oracle Primavera Systems | Programmable logic controller PLC software | SAP software | Supervisory control and data acquisition SCADA software | Time and payroll management software | Web browser software | Web conferencing software | WebEx WebOffice | Wide area network WAN software","گوش دادن فعال | درک مطلب | صحبت‌کردن | تفکر انتقادی | نظارت | نوشتن | ریاضیات | راهبردهای یادگیری | یادگیری فعال","مدیریت و اداره | دانش مکانیک | مهندسی و فناوری | ایمنی و امنیت عمومی | پرسنل و منابع انسانی | اداری | رایانه و الکترونیک | خدمات مشتری و خدمات شخصی | ریاضیات | تولید و فرآوری | مخابرات","بیان شفاهی | تشخیص گفتار | وضوح گفتار | درک شنیداری | درک نوشتاری | بیان نوشتاری | حساسیت به مسئله | مرتب‌سازی اطلاعات | استدلال قیاسی | استدلال استقرایی | بینایی نزدیک | سیالیت ایده | سرعت ادراکی | انعطاف‌پذیری بستار | بینایی دور | توجه انتخابی | تجسم ذهنی | انعطاف‌پذیری مقوله‌ای | خلاقیت (اصالت فکر)","مکالمات تلفنی | گفت‌وگوی رودررو با افراد و در درون تیم‌ها | سلامت و ایمنی سایر کارکنان | استفاده از تجهیزات حفاظتی یا ایمنی رایج مانند کفش ایمنی، عینک، دستکش، محافظ شنوایی، کلاه ایمنی یا جلیقه نجات | تعیین وظایف، اولویت‌ها و اهداف | کار یا مشارکت با یک گروه یا تیم کاری | آزادی عمل در تصمیم‌گیری | در وسیله نقلیه سرپوشیده یا کار با تجهیزات سرپوشیده | تعامل با دیگران | در فضای سرپوشیده با کنترل محیطی | تأثیر تصمیمات بر همکاران یا نتایج شرکت | فراوانی تصمیم‌گیری | پیامد خطا | در فضای سرپوشیده بدون کنترل محیطی | پیامدها و نتایج کاری سایر کارکنان | هماهنگی یا رهبری دیگران در انجام فعالیت‌های کاری | ایمیل | در فضای باز، در معرض همه شرایط جوی | اهمیت دقیق یا صحیح بودن | در فضای باز، زیر سرپوشیده | فشار زمانی | در معرض شرایط خطرناک | در معرض ارتفاعات بالا | سطح رقابت | نامه‌ها و یادداشت‌های نوشتاری | در معرض دماهای بسیار گرم یا سرد | در معرض تجهیزات خطرناک","مدیران عملیات انرژی تجدیدپذیر | مدیران توليد انرژی","مدیریت عملیات روزمره نیروگاه‌های بادی.","نظارت بر عملیات نیروگاه | برنامه‌ریزی و برگزاری تعمیر و نگهداری | ایمنی کارکنان و رعایت مقررات ایمنی | مدیریت کارکنان و تیم‌ها | نگهداری سوابق عملیاتی و تولید"
"11-9199.10","مدیران توسعه انرژی بادی (Wind Energy Development Managers)","مدیر پروژه انرژی بادی | مدیر توسعه نیروگاه بادی | مدیر سایت انرژی بادی","Autodesk AutoCAD | ESRI ArcGIS software | Microsoft Excel | Microsoft Office software | Microsoft Outlook | Microsoft PowerPoint | Microsoft Project | Microsoft Visio | Microsoft Word | Oracle Primavera Systems | SAP software | Web browser software | Web conferencing software","تفکر انتقادی | درک مطلب | نوشتن | صحبت‌کردن | گوش دادن فعال | نظارت | یادگیری فعال | ریاضیات","مدیریت و اداره | زبان انگلیسی | ساختمان و ساخت‌وساز | مهندسی و فناوری | اقتصاد و حسابداری | خدمات مشتری و خدمات شخصی | طراحی | ریاضیات | رایانه و الکترونیک | دانش مکانیک","درک شنیداری | درک نوشتاری | استدلال قیاسی | استدلال استقرایی | حساسیت به مسئله | تشخیص گفتار | وضوح گفتار | بیان شفاهی | بیان نوشتاری | بینایی نزدیک | مرتب‌سازی اطلاعات | انعطاف‌پذیری مقوله‌ای | سیالیت ایده | انعطاف‌پذیری بستار | استدلال ریاضی | توجه انتخابی | مهارت عددی","ایمیل | مکالمات تلفنی | تعیین وظایف، اولویت‌ها و اهداف | آزادی عمل در تصمیم‌گیری | کار یا مشارکت با یک گروه یا تیم کاری | در فضای سرپوشیده با کنترل محیطی | گفت‌وگوی رودررو با افراد و در درون تیم‌ها | صرف زمان به‌صورت نشسته | تعامل با دیگران | تأثیر تصمیمات بر همکاران یا نتایج شرکت | سروکار داشتن با مشتریان خارجی یا عموم مردم | هماهنگی یا رهبری دیگران در انجام فعالیت‌های کاری | فراوانی تصمیم‌گیری | اهمیت دقیق یا صحیح بودن | فشار زمانی","مدیران پروژه‌های انرژی تجدیدپذیر | مدیران توسعه انرژی","نظارت بر فازهای توسعه پروژه‌های انرژی بادی.","تحقیقات مقدماتی سایت و امکان‌سنجی | مدیریت فرآیند اخذ مجوز | هماهنگی با دولت‌ها و مجتمع‌های محلی | مدیریت بودجه پروژه | نظارت بر ساخت و تجهیز"
"11-9199.11","متخصصان احیای اراضی صنعتی و مدیران سایت (Brownfield Redevelopment Specialists and Site Managers)","متخصص احیای محل کار | مدیر سایت احیا | متخصص طرح بهسازی زمین","Business software applications | Calendar management software | ESRI ArcGIS software | ESRI ArcMap | ESRI ArcView | Linux | Maptek Vulcan | Microsoft Access | Microsoft Excel | Microsoft Office software | Microsoft Outlook | Microsoft PowerPoint | Microsoft PowerShell | Microsoft Project | Microsoft SQL Server Reporting Services SSRS | Microsoft SharePoint | Microsoft Word | MineSight | Oracle Database | Oracle Hyperion | PostgreSQL | Python | SAP Business Objects | SAP software | Salesforce software | Social media sites | Structure query language SQL | Tableau | Tanium software | Web browser software","نظارت | تفکر انتقادی | صحبت‌کردن | درک مطلب | گوش دادن فعال | نوشتن | ریاضیات | یادگیری فعال | راهبردهای یادگیری | علوم","زبان انگلیسی | خدمات مشتری و خدمات شخصی | حقوق و دولت | مدیریت و اداره | ریاضیات | شیمی | مهندسی و فناوری | زیست‌شناسی","حساسیت به مسئله | درک شنیداری | درک نوشتاری | بیان شفاهی | بیان نوشتاری | استدلال قیاسی | استدلال استقرایی | مرتب‌سازی اطلاعات | استدلال ریاضی | تشخیص گفتار | وضوح گفتار | انعطاف‌پذیری مقوله‌ای | بینایی نزدیک | سیالیت ایده | خلاقیت (اصالت فکر) | بینایی دور | تجسم ذهنی | مهارت عددی | انعطاف‌پذیری بستار","ایمیل | مکالمات تلفنی | گفت‌وگوی رودررو با افراد و در درون تیم‌ها | تعامل با دیگران | در فضای سرپوشیده با کنترل محیطی | کار یا مشارکت با یک گروه یا تیم کاری | تعیین وظایف، اولویت‌ها و اهداف | سروکار داشتن با مشتریان خارجی یا عموم مردم | نامه‌ها و یادداشت‌های نوشتاری | صرف زمان به‌صورت نشسته | آزادی عمل در تصمیم‌گیری | اهمیت دقیق یا صحیح بودن | تأثیر تصمیمات بر همکاران یا نتایج شرکت | هماهنگی یا رهبری دیگران در انجام فعالیت‌های کاری | فشار زمانی","متخصصان محیط زیست | مدیران پروژه | مدیران ساخت","مدیریت و نظارت بر پروژه‌های احیای اراضی صنعتی و آلوده.","انجام ارزیابی محیط‌زیستی سایت | توسعه طرح‌های احیا و پاک‌سازی | هماهنگی با مقامات دولتی و محیط‌زیستی | نظارت بر عملیات احیا | مدیریت بودجه و منابع پروژه"
"13-1011.00","نمایندگان و مدیران تجاری هنرمندان، عملکرد‌کنندگان و ورزشکاران (Agents and Business Managers of Artists, Performers, and Athletes)","نماینده هنری | مدیر ورزشی | نماینده ورزش | مدیر کارآر هنری | مدیر قراردادهای ورزشی","Adobe Photoshop | Apple macOS | Avid Technology iNEWS | Database software | Email software | Facebook | Financial accounting software | LexisNexis | LinkedIn | Microsoft Excel | Microsoft Office software | Microsoft Outlook | Microsoft PowerPoint | Microsoft Word | Salesforce Marketing Cloud | Salesforce software | Statistical analysis software | Tax planning software | Twitter | Videoconferencing software | Web browser software | Web server software | Zoom","صحبت‌کردن | گوش دادن فعال | درک مطلب | تفکر انتقادی | نوشتن | یادگیری فعال","خدمات مشتری و خدمات شخصی | فروش و بازاریابی | زبان انگلیسی | مدیریت و اداره | هنرهای زیبا | ارتباطات و رسانه | اداری | پرسنل و منابع انسانی","بیان شفاهی | درک شنیداری | درک نوشتاری | حساسیت به مسئله | تشخیص گفتار | وضوح گفتار | استدلال قیاسی | بیان نوشتاری | استدلال استقرایی | بینایی نزدیک | مرتب‌سازی اطلاعات | سیالیت ایده | خلاقیت (اصالت فکر) | انعطاف‌پذیری مقوله‌ای","مکالمات تلفنی | ایمیل | تعامل با دیگران | فشار زمانی | صرف زمان به‌صورت نشسته | فراوانی تصمیم‌گیری | گفت‌وگوی رودررو با افراد و در درون تیم‌ها | اهمیت دقیق یا صحیح بودن | تعیین وظایف، اولویت‌ها و اهداف | آزادی عمل در تصمیم‌گیری | کار یا مشارکت با یک گروه یا تیم کاری | تأثیر تصمیمات بر همکاران یا نتایج شرکت | سطح رقابت | در فضای سرپوشیده با کنترل محیطی | هماهنگی یا رهبری دیگران در انجام فعالیت‌های کاری","مشاوران کسب‌وکار | مدیران مالی | مدیران منابع انسانی","نمایندگی و مدیریت امور تجاری هنرمندان، عملکرد‌کنندگان و ورزشکاران.","مذاکره و نظارت بر قراردادهای استخدام | جستجوی فرصت‌های کار و عملکرد | مدیریت مسائل مالی و حقوق‌الزحمه | توسعه استراتژی‌های بازاریابی و تبلیغات | نگهداری ارتباطات با ناشران، استودیوهای فیلم‌سازی و ارائه‌دهندگان"
"13-1021.00","خریداران و نمایندگان خریدوفروش محصولات کشاورزی (Buyers and Purchasing Agents, Farm Products)","خریدار محصولات کشاورزی | نماینده خریدوفروش مواد اولیه | نماینده خریدوفروش غلات | خریدار بذر | خریدار گاو","Amazon Web Services AWS software | Atlassian JIRA | Deltek Costpoint | Enterprise resource planning ERP system | Google Angular | IBM Lotus Notes | Inventory management systems | Microsoft Access | Microsoft Dynamics GP | Microsoft Excel | Microsoft Office software | Microsoft Outlook | Microsoft PowerPoint | Microsoft Project | Microsoft Word | Oracle Database | Product producer databases | Purchasing software | SAP software | Salesforce software | Web browser software","صحبت‌کردن | تفکر انتقادی | گوش دادن فعال | درک مطلب | نوشتن | یادگیری فعال | نظارت | ریاضیات","ریاضیات | خدمات مشتری و خدمات شخصی | حمل‌ونقل | اقتصاد و حسابداری | زبان انگلیسی | فروش و بازاریابی | رایانه و الکترونیک | مدیریت و اداره | تولید مواد غذایی | تولید و فرآوری | حقوق و دولت | ایمنی و امنیت عمومی","بیان شفاهی | درک شنیداری | درک نوشتاری | استدلال قیاسی | وضوح گفتار | تشخیص گفتار | بینایی نزدیک | استدلال استقرایی | حساسیت به مسئله | بیان نوشتاری | مهارت عددی | استدلال ریاضی | مرتب‌سازی اطلاعات | بینایی دور | انعطاف‌پذیری مقوله‌ای | سیالیت ایده | خلاقیت (اصالت فکر)","مکالمات تلفنی | گفت‌وگوی رودررو با افراد و در درون تیم‌ها | ایمیل | تعامل با دیگران | تعیین وظایف، اولویت‌ها و اهداف | کار یا مشارکت با یک گروه یا تیم کاری | فراوانی تصمیم‌گیری | آزادی عمل در تصمیم‌گیری | تأثیر تصمیمات بر همکاران یا نتایج شرکت | اهمیت دقیق یا صحیح بودن | صرف زمان به‌صورت نشسته | اهمیت تکرار وظایف یکسان | سروکار داشتن با مشتریان خارجی یا عموم مردم | در فضای سرپوشیده با کنترل محیطی | هماهنگی یا رهبری دیگران در انجام فعالیت‌های کاری | فشار زمانی | پیامد خطا | سطح رقابت","خریداران فروش‌و‌خرید کل‌فروش، به جز محصولات کشاورزی | نمایندگان خریدوفروش، به جز فروش‌و‌خرید کل‌فروش و محصولات کشاورزی | مدیران خریدوفروش","خریدوفروش محصولات کشاورزی برای شرکت‌های پردازش‌کننده و توزیع‌کننده.","تحقیق بازار و تجزیه و تحلیل قیمت‌های محصولات | مذاکره با فروشندگان برای بهترین قیمت | ارزیابی کیفیت محصولات | مدیریت سفارش‌ها و تحویل‌ها | حفظ روابط فروشندگان"
"13-1022.00","خریداران فروش‌به‌عمده و خرده‌فروشی، به جز محصولات کشاورزی (Wholesale and Retail Buyers, Except Farm Products)","خریدار فروش‌به‌عمده | خریدار خرده‌فروشی | خریدار خرید‌وفروش | نماینده خرید","Advanced Retail Management Systems Retail Pro | Applicant tracking software | Biztrak Business Solutions Biztrak | CAM Commerce Solutions Retail STAR Point of Sale POS | Claritas ConsumerPoint | Contact management software | Eclipse IDE | Email software | Enterprise risk management software ERMS | Facebook | Graphics software | Infor Supply Chain Management | Intuit QuickBooks | Inventory control systems | JDA Software Group Advanced Warehouse Replenishment by E3 | JDA Software Group Assortment Planning by Arthur | Kliger-Weiss Infosystems | LinkedIn | Materials requirement planning MRP software | Microsoft Access | Microsoft Excel | Microsoft Internet Explorer | Microsoft Office software | Microsoft Outlook | Microsoft PowerPoint | Microsoft Project | Microsoft SharePoint | Microsoft Windows | Microsoft Word | Millennium Software Atrex | Oracle Advanced Procurement | Oracle Database | Oracle JD Edwards EnterpriseOne | Oracle PeopleSoft | Oracle PeopleSoft Enterprise Supply Planning Multi-Site Material Planner | Oracle Taleo | POSitive Software POSitive for Windows | Plexis Software Plexis POS | Product development management software | Purchasing software | Qlik Tech QlikView | SAP POS Data Management | SAP software | Sage ERP Accpac | Scheduling software | Sourcing Simulator | Specialized Business Solutions Keystroke POS | Web browser software | Windward Software Windward System Five","تفکر انتقادی | گوش دادن فعال | صحبت‌کردن | یادگیری فعال | درک مطلب | ریاضیات | نظارت | نوشتن","فروش و بازاریابی | خدمات مشتری و خدمات شخصی | زبان انگلیسی | ریاضیات | مدیریت و اداره | رایانه و الکترونیک | اقتصاد و حسابداری","درک شنیداری | بیان شفاهی | استدلال قیاسی | درک نوشتاری | حساسیت به مسئله | وضوح گفتار | تشخیص گفتار | استدلال ریاضی | مهارت عددی | استدلال استقرایی | انعطاف‌پذیری مقوله‌ای | بینایی نزدیک | مرتب‌سازی اطلاعات | توجه انتخابی | خلاقیت (اصالت فکر) | سیالیت ایده | بیان نوشتاری","در فضای سرپوشیده با کنترل محیطی | ایمیل | مکالمات تلفنی | تعامل با دیگران | گفت‌وگوی رودررو با افراد و در درون تیم‌ها | تعیین وظایف، اولویت‌ها و اهداف | فراوانی تصمیم‌گیری | آزادی عمل در تصمیم‌گیری | کار یا مشارکت با یک گروه یا تیم کاری | تأثیر تصمیمات بر همکاران یا نتایج شرکت | اهمیت تکرار وظایف یکسان | فشار زمانی | اهمیت دقیق یا صحیح بودن | صرف زمان به‌صورت نشسته | نامه‌ها و یادداشت‌های نوشتاری | سروکار داشتن با مشتریان خارجی یا عموم مردم | پیامدها و نتایج کاری سایر کارکنان | هماهنگی یا رهبری دیگران در انجام فعالیت‌های کاری | صرف زمان برای انجام حرکات تکراری","مدیران خریدوفروش | مدیران عمومی و عملیات","خریدوفروش کالا برای فروشندگی عمده و خرده‌فروشی.","تحقیق بازار و تجزیه و تحلیل تقاضا | انتخاب تأمین‌کنندگان و ارزیابی کیفیت | مذاکره در مورد قیمت‌ها و شرایط تحویل | مدیریت موجودی | تجزیه و تحلیل فروش و بازخورد مشتری"
"13-1023.00","نمایندگان خریدوفروش، به جز فروش‌و‌خرید کل‌فروش، خرده‌فروشی و محصولات کشاورزی (Purchasing Agents, Except Wholesale, Retail, and Farm Products)","نماینده خریدوفروش | کارمند خریدوفروش | منسق خریدوفروش","Adobe Acrobat | Apple AppleWorks | Assured Software JPP | CPR International GeneralCOST Estimator | CPR Visual Estimator | Choice Job Cost | Construction Management Software ProEst | Corel QuattroPro | Cost accounting software | Cost estimating software | Database reporting software | Database software | Dexter + Cheney Spectrum Construction Software | FileMaker Pro | Galorath SEER-SEM | Google Ads | Google Docs | IBM Cognos Impromptu | IBM Costimater | IBM Lotus 1-2-3 | IBM Notes | IBM Power Systems software | Infor ERP SyteLine | Intuit QuickBooks | Inventory management systems | MicroStrategy | Microsoft Access | Microsoft Dynamics | Microsoft Dynamics GP | Microsoft Excel | Microsoft Office software | Microsoft Outlook | Microsoft PowerPoint | Microsoft Project | Microsoft SharePoint | Microsoft Visio | Microsoft Word | NetSuite ERP | Oracle Database | Oracle E-Business Suite Financials | Oracle JD Edwards EnterpriseOne | Oracle PeopleSoft | Oracle PeopleSoft Financials | Oracle Primavera Enterprise Project Portfolio Management | QSM SLIM Suite | Resources Calculations Incorporated SoftCost | SAP Business Objects | SAP BusinessObjects Crystal Reports | SAP software | Sage 100 Contractor | SmugMug Flickr | Softstar Costar COCOMO II | Software AG enterprise software | Web browser software | WinEstimator WinEst | Xactware Xactimate","درک مطلب | صحبت‌کردن | نوشتن | گوش دادن فعال | تفکر انتقادی | یادگیری فعال | نظارت | راهبردهای یادگیری | ریاضیات","زبان انگلیسی | حقوق و دولت | خدمات مشتری و خدمات شخصی | مدیریت و اداره | اداری | ریاضیات | رایانه و الکترونیک | اقتصاد و حسابداری","درک نوشتاری | درک شنیداری | بیان شفاهی | بیان نوشتاری | استدلال استقرایی | استدلال قیاسی | بینایی نزدیک | تشخیص گفتار | مرتب‌سازی اطلاعات | وضوح گفتار | حساسیت به مسئله | انعطاف‌پذیری مقوله‌ای | مهارت عددی | سیالیت ایده | استدلال ریاضی | خلاقیت (اصالت فکر)","ایمیل | مکالمات تلفنی | در فضای سرپوشیده با کنترل محیطی | گفت‌وگوی رودررو با افراد و در درون تیم‌ها | تعامل با دیگران | صرف زمان به‌صورت نشسته | اهمیت دقیق یا صحیح بودن | کار یا مشارکت با یک گروه یا تیم کاری | تعیین وظایف، اولویت‌ها و اهداف | فشار زمانی | سروکار داشتن با مشتریان خارجی یا عموم مردم | نامه‌ها و یادداشت‌های نوشتاری | اهمیت تکرار وظایف یکسان | فراوانی تصمیم‌گیری | تأثیر تصمیمات بر همکاران یا نتایج شرکت | آزادی عمل در تصمیم‌گیری | هماهنگی یا رهبری دیگران در انجام فعالیت‌های کاری","مدیران خریدوفروش | مدیران تامین‌کننده | متخصصان خریدوفروش","خریدوفروش مواد مصرفی و تجهیزات برای سازمان‌ها.","تحقیق کیفیت تأمین‌کنندگان و قیمت‌های پیشنهادی | مذاکره در مورد شرایط قرارداد | پردازش سفارش‌ها و تطابق فاکتورها | نگهداری سوابق تأمین‌کننده | کاهش هزینه‌های خریدوفروش"
"13-1031.00","تنظیم‌کنندگان، بررسی‌کنندگان و بازرسان پرونده‌ها (Claims Adjusters, Examiners, and Investigators)","تنظیم‌کننده پرونده بیمه | بررسی‌کننده خسارت | بازرس بیمه | متخصص قرارداد","4n6xprt Systems StiffCalcs | ADP software | ARSoftware WinSMAC | Agency Management Systems AMS 360 | Apple Safari | AutoClaims Direct DirectLink | Automatic Data Processing Autosource | Automatic Data Processing Claims Manager & Dispatch | Automatic Data Processing Estimating | Axonwave Fraud and Abuse Management System | BCCORP Burkitt W5 | BCCORP W5 for Adjusters | Bill review software | Bramerhill ClaimsTech | Bridium Claims 3 | Brightwork Alyce Claims Systems | Business software applications | CAD Zone Insurance | CCC EZNet electronic communications network | CCC GuidePost Decision Support | CCC Pathways Appraisal Quality Solution | CCC Pathways Image Management Solution | CCC TL2000 Solution | CGI INSideOUT | CGI-AMS BureauLink Enterprise | CSC Automated Work Distributor AWD | CSC Colossus | CSC Fault Evaluator | Captiva InputAccel | Castek Insure3 Claims | Claims processing administration and management software | Clear Technology Tranzax | Computerized voice stress analyzer CVSA software | Corporate Systems ClaimsPro | Covansys ClaimConnect | Datanex ClaimTrac | Document management system software | Fair Isaac Claims Advisor | Fair Isaac SmartAdvisor | First Notice Systems ClaimCapture | Healthcare common procedure coding system HCPCS | Hummingbird Legal Bill Review | Hyland OnBase Enterprise Content Management | IBM Fraud and Abuse Management System | ISO ClaimSearch | ISO NetMap for Claims | InSystems Calligo Document Management System | Injury Sciences EDR InSight | Insurance claims fraud detection software | LexisNexis RiskWise | Magnify Predictive Targeting System | MapScenes Evidence Recorder | MapScenes Pro | Medical condition coding software | Medical procedure coding software | Microsoft Access | Microsoft Excel | Microsoft Office software | Microsoft Outlook | Microsoft PowerPoint | Microsoft Publisher | Microsoft Word | Mozilla Firefox | PhotoModeler | Property damage, bodily injury, and liability estimation software | QwikQuote software | Simsol for Adjusters | StrataCare StrataWare eReview | Tropics Claims Reserve Management | Turtle Creek Software Goldenseal Architect | Visual Statement Investigator Suite | Xactware Xactimate | Zoom","درک مطلب | تفکر انتقادی | گوش دادن فعال | صحبت‌کردن | نوشتن | نظارت | یادگیری فعال","خدمات مشتری و خدمات شخصی | زبان انگلیسی | اداری | ریاضیات | رایانه و الکترونیک | حقوق و دولت | مدیریت و اداره | اقتصاد و حسابداری","درک نوشتاری | درک شنیداری | بیان شفاهی | استدلال قیاسی | استدلال استقرایی | بیان نوشتاری | بینایی نزدیک | حساسیت به مسئله | وضوح گفتار | مرتب‌سازی اطلاعات | تشخیص گفتار | انعطاف‌پذیری مقوله‌ای | انعطاف‌پذیری بستار | مهارت عددی | استدلال ریاضی | توجه انتخابی | سرعت ادراکی | سرعت بستار","ایمیل | مکالمات تلفنی | نامه‌ها و یادداشت‌های نوشتاری | فراوانی تصمیم‌گیری | تعامل با دیگران | صرف زمان به‌صورت نشسته | اهمیت دقیق یا صحیح بودن | تأثیر تصمیمات بر همکاران یا نتایج شرکت | اهمیت تکرار وظایف یکسان | آزادی عمل در تصمیم‌گیری | سروکار داشتن با مشتریان خارجی یا عموم مردم | فشار زمانی | در فضای سرپوشیده با کنترل محیطی | تعیین وظایف، اولویت‌ها و اهداف | گفت‌وگوی رودررو با افراد و در درون تیم‌ها | سروکار داشتن با افراد ناخوشایند، عصبانی یا بی‌ادب | موقعیت‌های تعارض‌آمیز | کار یا مشارکت با یک گروه یا تیم کاری","ارزیابان بیمه خودرو | ارزیابان ملکی و تجاری | مدیران ادعا","بررسی و بررسی ادعاهای بیمه و تعیین مبلغ تعویض‌وخسارت.","مراجعه به محل حادثه و جمع‌آوری شواهد | مصاحبه با خصوص‌اشخاص در مورد ادعا | تجزیه و تحلیل مستندات | تعیین مسئولیت و مبلغ تعویض‌وخسارت | نگهداری سوابق جزئیات ادعا"
"13-1032.00","ارزیابان بیمه خودرو، خسارت خودرو (Insurance Appraisers, Auto Damage)","ارزیاب خسارت خودرو | بازرسی خودرو | متخصص خسارت خودرو","A-T Solutions Easy Street Draw | Adobe Acrobat | App Software Associations AppTrak.net | Cost estimating software | Disassembler software | Email software | Information Services Inc. CCC Pathways Appraisal Solution | Meridian Technologies SurePoint | Microsoft Excel | Microsoft Office software | Microsoft Outlook | Microsoft PowerPoint | Microsoft Windows | Microsoft Word | Mitchell International Mitchell WorkCenter | NCH Software Express Invoice | Solera Audatex Estimating | Swan River Software Estimiser Pro | Vertafore ImageRight | Web browser software | Web-Est estimating software","نوشتن | صحبت‌کردن | درک مطلب | گوش دادن فعال | تفکر انتقادی","خدمات مشتری و خدمات شخصی | زبان انگلیسی | رایانه و الکترونیک | دانش مکانیک | اداری","درک شنیداری | بیان شفاهی | درک نوشتاری | حساسیت به مسئله | بیان نوشتاری | وضوح گفتار | تشخیص گفتار | بینایی نزدیک | استدلال قیاسی | استدلال استقرایی | توجه انتخابی | انعطاف‌پذیری مقوله‌ای | مرتب‌سازی اطلاعات","ایمیل | مکالمات تلفنی | تعامل با دیگران | سروکار داشتن با مشتریان خارجی یا عموم مردم | فراوانی تصمیم‌گیری | فشار زمانی | تأثیر تصمیمات بر همکاران یا نتایج شرکت | آزادی عمل در تصمیم‌گیری | تعیین وظایف، اولویت‌ها و اهداف | اهمیت دقیق یا صحیح بودن | در وسیله نقلیه سرپوشیده یا کار با تجهیزات سرپوشیده | گفت‌وگوی رودررو با افراد و در درون تیم‌ها | در فضای باز، در معرض همه شرایط جوی | صرف زمان به‌صورت نشسته | نامه‌ها و یادداشت‌های نوشتاری | موقعیت‌های تعارض‌آمیز | در فضای سرپوشیده با کنترل محیطی | اهمیت تکرار وظایف یکسان | کار یا مشارکت با یک گروه یا تیم کاری | سروکار داشتن با افراد ناخوشایند، عصبانی یا بی‌ادب | صرف زمان برای انجام حرکات تکراری","تنظیم‌کنندگان، بررسی‌کنندگان و بازرسان پرونده‌ها | ارزیابان ملکی و تجاری","ارزیابی خسارت خودروهای شامل بیمه.","بازرسی خودروهای آسیب‌دیده و ارزیابی خسارت | تجزیه و تحلیل گزارش‌های پلیس و گزارش‌های حادثه | تخمین هزینه‌های تعمیر | مقایسه قیمت‌های قطعات یدکی | اعلام نتایج ارزیابی به شرکت بیمه"
"13-1041.00","افسران انطباق (Compliance Officers)","افسر انطباق | متخصص انطباق | بازرس انطباق | مدیر انطباق","Commercial driver's license information system CDLIS | Computer-assisted testing software | Database software | Digital imaging system software | Document scanning software | Driving simulators | Microsoft Access | Microsoft Excel | Microsoft Office software | Microsoft Outlook | Microsoft PowerPoint | Microsoft Windows | Microsoft Word | National Driver Register NDR | Safety Status Measurement System SafeStat | Traffic record databases","درک مطلب | صحبت‌کردن | گوش دادن فعال | نوشتن | تفکر انتقادی | نظارت | یادگیری فعال","حقوق و دولت | زبان انگلیسی | خدمات مشتری و خدمات شخصی | ایمنی و امنیت عمومی | رایانه و الکترونیک | مدیریت و اداره | اداری","درک شنیداری | درک نوشتاری | بیان شفاهی | بیان نوشتاری | استدلال قیاسی | حساسیت به مسئله | مرتب‌سازی اطلاعات | وضوح گفتار | تشخیص گفتار | بینایی نزدیک | استدلال استقرایی | انعطاف‌پذیری مقوله‌ای | توجه انتخابی | سیالیت ایده","تعامل با دیگران | سروکار داشتن با مشتریان خارجی یا عموم مردم | مکالمات تلفنی | گفت‌وگوی رودررو با افراد و در درون تیم‌ها | اهمیت دقیق یا صحیح بودن | کار یا مشارکت با یک گروه یا تیم کاری | سروکار داشتن با افراد ناخوشایند، عصبانی یا بی‌ادب | اهمیت تکرار وظایف یکسان | ایمیل | صرف زمان به‌صورت نشسته | نزدیکی فیزیکی | در فضای سرپوشیده با کنترل محیطی | فراوانی تصمیم‌گیری | آزادی عمل در تصمیم‌گیری | نامه‌ها و یادداشت‌های نوشتاری | در وسیله نقلیه سرپوشیده یا کار با تجهیزات سرپوشیده | موقعیت‌های تعارض‌آمیز | تأثیر تصمیمات بر همکاران یا نتایج شرکت | هماهنگی یا رهبری دیگران در انجام فعالیت‌های کاری | صرف زمان برای انجام حرکات تکراری | فشار زمانی | در فضای باز، در معرض همه شرایط جوی | پیامد خطا","متخصصان امور نظارتی | مدیران انطباق | مدیران عمومی و عملیات","اطمینان از انطباق سازمان و کارکنان با قوانین و مقررات.","توسعه و اجرای سیاست‌های انطباق | آموزش کارکنان در الزامات قانونی | بررسی و بازرسی برای شناسایی نقض‌ها | تحقیق در شکایات | توصیه‌ی اقدام‌های اصلاحی"
"13-1041.01","بازرسان انطباق محیط‌زیستی (Environmental Compliance Inspectors)","بازرس محیط‌زیست | متخصص انطباق محیط‌زیست | بازرس آلودگی","Adobe Acrobat | Autodesk AutoCAD | DQO-PRO | Database software | Environmental Knowledge and Assessment Tool EKAT | Field Operations and Records Management System (FORMS) II Lite | Fully Integrated Environmental Location Decision Support FIELDS | Geographic information system GIS software | Geographic information system GIS systems | HRS Quickscore | Mass Flux Toolkit | Microsoft Access | Microsoft Excel | Microsoft Office software | Microsoft Outlook | Microsoft PowerPoint | Microsoft Project | Microsoft SharePoint | Microsoft Word | Monitoring and Remediation Optimization System MAROS | Rapid Assessment Tools R.A.T. | SAP software | Salesforce software | Spatial Analysis and Decision Assistance SADA | Sustainable Management Approaches and Revitalization Tools SMARTe | Tibco Scribe Software | UNIX","تفکر انتقادی | درک مطلب | گوش دادن فعال | نوشتن | صحبت‌کردن | یادگیری فعال | نظارت | راهبردهای یادگیری | علوم | ریاضیات","زبان انگلیسی | حقوق و دولت | رایانه و الکترونیک | شیمی | خدمات مشتری و خدمات شخصی | ریاضیات | ایمنی و امنیت عمومی","حساسیت به مسئله | درک شنیداری | درک نوشتاری | بیان شفاهی | استدلال قیاسی | استدلال استقرایی | بیان نوشتاری | انعطاف‌پذیری بستار | بینایی نزدیک | مرتب‌سازی اطلاعات | تشخیص گفتار | وضوح گفتار | انعطاف‌پذیری مقوله‌ای | سرعت ادراکی | بینایی دور | مهارت عددی | سیالیت ایده | توجه انتخابی | تجسم ذهنی | استدلال ریاضی","مکالمات تلفنی | ایمیل | گفت‌وگوی رودررو با افراد و در درون تیم‌ها | تعامل با دیگران | سروکار داشتن با مشتریان خارجی یا عموم مردم | در فضای سرپوشیده با کنترل محیطی | کار یا مشارکت با یک گروه یا تیم کاری | تعیین وظایف، اولویت‌ها و اهداف | اهمیت دقیق یا صحیح بودن | آزادی عمل در تصمیم‌گیری | نامه‌ها و یادداشت‌های نوشتاری | استفاده از تجهیزات حفاظتی یا ایمنی رایج مانند کفش ایمنی، عینک، دستکش، محافظ شنوایی، کلاه ایمنی یا جلیقه نجات | در فضای باز، در معرض همه شرایط جوی | فشار زمانی | صرف زمان به‌صورت نشسته | در وسیله نقلیه سرپوشیده یا کار با تجهیزات سرپوشیده | در معرض آلاینده‌ها | در فضای سرپوشیده بدون کنترل محیطی","افسران انطباق | متخصصان محیط‌زیست","بازرسی سایت‌های کسب‌وکار برای اطمینان از انطباق با مقررات محیط‌زیستی.","بازرسی تأسیسات برای شناسایی نقض‌های محیط‌زیستی | جمع‌آوری نمونه‌ها و ارسال برای تحلیل | مستند‌سازی نقض‌ها | مراجعه‌ی برای شکایات محیط‌زیست | تهیه گزارش‌های بازرسی"
"13-1041.03","نمایندگان و افسران برابری فرصت (Equal Opportunity Representatives and Officers)","نماینده برابری فرصت | افسر عدم تبعیض | متخصص منابع انسانی","Bashen EEOFedSoft | Bashen EEOSoft | Bashen LinkLine | Berkshire Associates BALANCEaap | Biddle Adverse Impact Toolkit | Biddle AutoAAP | Corel WordPerfect Office Suite | Database software | EEO Made Simple AAPMaker | EEO Made Simple AppTrac | Equal employment opportunity EEO compliance software | Equitas EEOStat | Gerstco AAPBase | IBM Lotus 1-2-3 | Microsoft Access | Microsoft Excel | Microsoft Office software | Microsoft Outlook | Microsoft PowerPoint | Microsoft SharePoint | Microsoft Word | Peopleclick AAPlanner | Peopleclick CAAMS | Peopleclick Monitor | Peopleclick PayStat | Speediware SpeedEEO | Yocum & McKee The Complete AAP","گوش دادن فعال | درک مطلب | تفکر انتقادی | صحبت‌کردن | نوشتن | یادگیری فعال | نظارت | راهبردهای یادگیری","حقوق و دولت | زبان انگلیسی | پرسنل و منابع انسانی | خدمات مشتری و خدمات شخصی | جامعه‌شناسی و مردم‌شناسی | مدیریت و اداره | اداری | آموزش و پرورش","درک نوشتاری | درک شنیداری | بیان شفاهی | بیان نوشتاری | حساسیت به مسئله | استدلال استقرایی | استدلال قیاسی | تشخیص گفتار | وضوح گفتار | مرتب‌سازی اطلاعات | بینایی نزدیک | انعطاف‌پذیری مقوله‌ای | انعطاف‌پذیری بستار | سرعت بستار | سیالیت ایده","ایمیل | مکالمات تلفنی | صرف زمان به‌صورت نشسته | گفت‌وگوی رودررو با افراد و در درون تیم‌ها | تعیین وظایف، اولویت‌ها و اهداف | آزادی عمل در تصمیم‌گیری | تعامل با دیگران | نامه‌ها و یادداشت‌های نوشتاری | اهمیت دقیق یا صحیح بودن | تأثیر تصمیمات بر همکاران یا نتایج شرکت | در فضای سرپوشیده با کنترل محیطی | فراوانی تصمیم‌گیری | سروکار داشتن با مشتریان خارجی یا عموم مردم | کار یا مشارکت با یک گروه یا تیم کاری | موقعیت‌های تعارض‌آمیز | فشار زمانی","افسران انطباق | متخصصان منابع انسانی","بررسی و ارزیابی شکایات تبعیض و عدم‌انطباق.","دریافت و بررسی شکایات تبعیض | مصاحبه با طرفین و شاهدان | تجزیه و تحلیل داده‌های استخدام و ترفیع | توصیه‌ی اقدام‌های اصلاحی | نگهداری سوابق تفصیلی شکایات"
"13-1041.04","بازرسان و تحقیق‌کنندگان ملکیت دولتی (Government Property Inspectors and Investigators)","بازرس ملکیت دولتی | تحقیق‌کننده فساد | بازرسی تاسیسات دولتی","Adobe Acrobat | Adobe Creative Cloud software | Adobe Illustrator | Adobe InDesign | Adobe Photoshop | Apple iOS | Autodesk AutoCAD | Autodesk AutoCAD Civil 3D | Bentley MicroStation | BrioQuery | Coeus | Database software | Deltek Costpoint | Email software | Esri ArcGIS | Google Workspace software | Inventory control system software | Microsoft Access | Microsoft Excel | Microsoft NetMeeting | Microsoft Office software | Microsoft Outlook | Microsoft PowerPoint | Microsoft Windows | Microsoft Word | Peninsula Software Quicktrack Pro | Plant Clearance Automated Reutilization Screening System PCARSS | Radio frequency identification RFID software | Records management software | SAP software | Shipping software | Unique Identification UID system databases | Wide Area Workflow WAWF system","گوش دادن فعال | تفکر انتقادی | صحبت‌کردن | نوشتن | درک مطلب | یادگیری فعال | نظارت | راهبردهای یادگیری","زبان انگلیسی | خدمات مشتری و خدمات شخصی | ایمنی و امنیت عمومی | ساختمان و ساخت‌وساز | حقوق و دولت | اداری | مهندسی و فناوری | رایانه و الکترونیک | طراحی | آموزش و پرورش | ریاضیات | دانش مکانیک","استدلال استقرایی | بیان نوشتاری | حساسیت به مسئله | استدلال قیاسی | مرتب‌سازی اطلاعات | درک شنیداری | درک نوشتاری | بیان شفاهی | بینایی نزدیک | تشخیص گفتار | وضوح گفتار | بینایی دور | انعطاف‌پذیری بستار | سرعت ادراکی | انعطاف‌پذیری مقوله‌ای | توجه انتخابی | تجسم ذهنی | سیالیت ایده | سرعت بستار | تقسیم توجه | به‌خاطرسپاری | تشخیص رنگ بینایی | مهارت عددی | استدلال ریاضی","مکالمات تلفنی | تعامل با دیگران | ایمیل | گفت‌وگوی رودررو با افراد و در درون تیم‌ها | سروکار داشتن با مشتریان خارجی یا عموم مردم | اهمیت دقیق یا صحیح بودن | فراوانی تصمیم‌گیری | کار یا مشارکت با یک گروه یا تیم کاری | در فضای سرپوشیده با کنترل محیطی | در وسیله نقلیه سرپوشیده یا کار با تجهیزات سرپوشیده | تأثیر تصمیمات بر همکاران یا نتایج شرکت | تعیین وظایف، اولویت‌ها و اهداف | آزادی عمل در تصمیم‌گیری | موقعیت‌های تعارض‌آمیز | هماهنگی یا رهبری دیگران در انجام فعالیت‌های کاری | فشار زمانی | در فضای باز، در معرض همه شرایط جوی | پیامدها و نتایج کاری سایر کارکنان | نامه‌ها و یادداشت‌های نوشتاری | سروکار داشتن با افراد ناخوشایند، عصبانی یا بی‌ادب","افسران انطباق | بازرسان دولتی","بررسی و بازرسی اموال دولتی برای شناسایی سوء‌استفاده.","بازرسی دارایی‌های دولتی و نگهداری | تحقیق در ادعاهای سوء‌استفاده | مصاحبه با کارکنان دولتی | تهیه گزارش‌های تفصیلی | توصیه‌ی اقدام‌های قانونی"
"13-1041.06","دادستان‌ها (Coroners)","قاضی تحقیقات | پزشک قانونی | بازرس مرگ‌ها","3D graphics software | Alcestis | Autopsy information databases | Bite analysis software | Corel WordPerfect Office Suite | Douglas Associates Forensic Filer | EMC Documentum | Email software | Fingerprint databases | Genetic database software | Git | Google Android | Graphics software | Ingenuware CoronerBase | Linux | Microsoft Excel | Microsoft Office software | Microsoft PowerPoint | Microsoft SQL Server Reporting Services SSRS | Microsoft Word | Mideo Systems EZDoc Plus | Rapid Medical Examiners System | Structured query language SQL | Toxicology databases | Transact-SQL | UNIX | Web browser software | Zoom","تفکر انتقادی | صحبت‌کردن | درک مطلب | گوش دادن فعال | نوشتن | یادگیری فعال | نظارت | علوم | راهبردهای یادگیری","زبان انگلیسی | پزشکی و دندان‌پزشکی | خدمات مشتری و خدمات شخصی | حقوق و دولت | مدیریت و اداره | زیست‌شناسی | آموزش و پرورش | اداری | ایمنی و امنیت عمومی | جامعه‌شناسی و مردم‌شناسی | رایانه و الکترونیک | درمان و مشاوره | روان‌شناسی | حمل‌ونقل | پرسنل و منابع انسانی | ارتباطات و رسانه | اقتصاد و حسابداری","درک شنیداری | درک نوشتاری | بیان شفاهی | بیان نوشتاری | استدلال قیاسی | استدلال استقرایی | مرتب‌سازی اطلاعات | بینایی نزدیک | حساسیت به مسئله | انعطاف‌پذیری بستار | انعطاف‌پذیری مقوله‌ای | تشخیص گفتار | وضوح گفتار | سیالیت ایده | سرعت ادراکی | خلاقیت (اصالت فکر) | چالاکی دست | ثبات بازو و دست | تجسم ذهنی | بینایی دور | چالاکی انگشت | توجه انتخابی | سرعت بستار","ایمیل | مکالمات تلفنی | سروکار داشتن با مشتریان خارجی یا عموم مردم | گفت‌وگوی رودررو با افراد و در درون تیم‌ها | تعامل با دیگران | در معرض بیماری یا عفونت | در فضای سرپوشیده با کنترل محیطی | در وسیله نقلیه سرپوشیده یا کار با تجهیزات سرپوشیده | فشار زمانی | استفاده از تجهیزات حفاظتی یا ایمنی رایج مانند کفش ایمنی، عینک، دستکش، محافظ شنوایی، کلاه ایمنی یا جلیقه نجات | آزادی عمل در تصمیم‌گیری | در معرض آلاینده‌ها | اهمیت دقیق یا صحیح بودن | فراوانی تصمیم‌گیری | نزدیکی فیزیکی | کار یا مشارکت با یک گروه یا تیم کاری | نامه‌ها و یادداشت‌های نوشتاری | در فضای سرپوشیده بدون کنترل محیطی | در فضای باز، در معرض همه شرایط جوی | سروکار داشتن با افراد ناخوشایند، عصبانی یا بی‌ادب | سلامت و ایمنی سایر کارکنان | تعیین وظایف، اولویت‌ها و اهداف | تأثیر تصمیمات بر همکاران یا نتایج شرکت | هماهنگی یا رهبری دیگران در انجام فعالیت‌های کاری | در معرض دماهای بسیار گرم یا سرد | پیامدها و نتایج کاری سایر کارکنان | قرار داشتن در شرایط نور بسیار روشن یا ناکافی | پیامد خطا | موقعیت‌های تعارض‌آمیز | قرار داشتن در فضای کاری محدود و وضعیت‌های ناشی","پزشکان قانونی | بازرسان دولتی | متخصصان علوم جنایی","تحقیق در اسباب مرگ و تعیین علت فوت.","حضور در محل مرگ و بررسی شرایط | انجام یا نظارت بر اتوپسی‌ها | بررسی سوابق پزشکی | تهیه گزارش‌های مرگ رسمی | شهادت در دادگاه درباره علت مرگ"
"13-1041.07","متخصصان امور نظارتی (Regulatory Affairs Specialists)","متخصص تطابق نظارتی | متخصص QA | متخصص انطباق دارویی","Adobe Acrobat | Analyse-it | Atrion Intelligent Authoring | DataVision | FileMaker Pro | Fund accounting software | Healthcare common procedure coding system HCPCS | Human resource management software HRMS | Integrated development environment IDE software | LexisNexis | McAfee | Medical procedure coding software | MicroStrategy | Microsoft Access | Microsoft Dynamics | Microsoft Excel | Microsoft Office software | Microsoft Outlook | Microsoft PowerPoint | Microsoft Project | Microsoft SQL Server | Microsoft SharePoint | Microsoft Visio | Microsoft Visual Basic | Microsoft Word | NortonLifeLock cybersecurity software | Qlik Tech QlikView | Relational database management software | SAP software | Statistical software | Structured query language SQL | Tax software | Web browser software | Yardi software","صحبت‌کردن | نوشتن | گوش دادن فعال | درک مطلب | تفکر انتقادی | نظارت | یادگیری فعال | راهبردهای یادگیری","زبان انگلیسی | حقوق و دولت | زیست‌شناسی | رایانه و الکترونیک | مدیریت و اداره | اداری","درک نوشتاری | بیان نوشتاری | درک شنیداری | بیان شفاهی | حساسیت به مسئله | استدلال قیاسی | استدلال استقرایی | وضوح گفتار | تشخیص گفتار | مرتب‌سازی اطلاعات | بینایی نزدیک | سیالیت ایده | انعطاف‌پذیری مقوله‌ای | استدلال ریاضی","ایمیل | صرف زمان به‌صورت نشسته | در فضای سرپوشیده با کنترل محیطی | کار یا مشارکت با یک گروه یا تیم کاری | گفت‌وگوی رودررو با افراد و در درون تیم‌ها | مکالمات تلفنی | تعامل با دیگران | اهمیت دقیق یا صحیح بودن | تعیین وظایف، اولویت‌ها و اهداف | آزادی عمل در تصمیم‌گیری | فشار زمانی | نامه‌ها و یادداشت‌های نوشتاری | هماهنگی یا رهبری دیگران در انجام فعالیت‌های کاری","مدیران امور نظارتی | افسران انطباق | متخصصان مدیریت کیفیت","اطمینان از انطباق محصولات و فرآیند‌های دارویی با مقررات نظارتی.","پایش تغییرات مقررات | آماده‌سازی مستندات برای ارسال به مقامات نظارتی | هماهنگی با دپارتمان‌های داخلی | رفع نظرات و پرسش‌های نظارتی | نگهداری سوابق نظارتی"
"13-1041.08","دلال‌های گمرک (Customs Brokers)","نماینده گمرک | مشاور گمرک | نماینده واردات‌صادرات | متخصص عوارض گمرکی","Automated commercial environment software ACE | Automated system for customs data ASYCUDA | Customs records databases | Electronic data interchange EDI software | Materials requirement planning MRP software | Microsoft Access | Microsoft Excel | Microsoft Office software | Microsoft Outlook | Microsoft PowerPoint | Microsoft Word | Optical character reader OCR software | Parts classification databases | SAP Customs Management | SAP software | Tariff databases | Web browser software","گوش دادن فعال | درک مطلب | نوشتن | صحبت‌کردن | تفکر انتقادی | نظارت | یادگیری فعال | راهبردهای یادگیری | ریاضیات","حمل‌ونقل | زبان انگلیسی | اداری | حقوق و دولت | خدمات مشتری و خدمات شخصی | رایانه و الکترونیک | مدیریت و اداره | جغرافیا | ریاضیات | اقتصاد و حسابداری","درک نوشتاری | استدلال قیاسی | بینایی نزدیک | درک شنیداری | بیان شفاهی | بیان نوشتاری | وضوح گفتار | مرتب‌سازی اطلاعات | انعطاف‌پذیری مقوله‌ای | تشخیص گفتار | حساسیت به مسئله | استدلال استقرایی | توجه انتخابی | انعطاف‌پذیری بستار | سیالیت ایده","ایمیل | مکالمات تلفنی | صرف زمان به‌صورت نشسته | اهمیت دقیق یا صحیح بودن | فشار زمانی | گفت‌وگوی رودررو با افراد و در درون تیم‌ها | تعامل با دیگران | اهمیت تکرار وظایف یکسان | نامه‌ها و یادداشت‌های نوشتاری | کار یا مشارکت با یک گروه یا تیم کاری | در فضای سرپوشیده با کنترل محیطی | فراوانی تصمیم‌گیری | تأثیر تصمیمات بر همکاران یا نتایج شرکت | سطح رقابت | سروکار داشتن با مشتریان خارجی یا عموم مردم | آزادی عمل در تصمیم‌گیری | تعیین وظایف، اولویت‌ها و اهداف | سروکار داشتن با افراد ناخوشایند، عصبانی یا بی‌ادب","متخصصان لجستیک | متخصصان تجارت بین‌الملل | مدیران تامین","ترتیب رسمیات گمرکی برای کالا‌های وارد‌شده و صادر‌شده.","آماده‌سازی اسناد گمرکی و صحافی اسناد | محاسبه عوارض گمرکی و مالیات | نظارت بر بازرسی کالا در گمرک | حل مشکلات گمرکی | حفظ اطلاعات شناسایی کالا"
"13-1051.00","برآوردگران هزینه (Cost Estimators)","برآوردگر پروژه | متخصص تخمین هزینه | مشاور بودجه","Adobe Acrobat | Apple AppleWorks | Assured Software JPP | Autodesk AutoCAD | Autodesk Revit | CPR International GeneralCOST Estimator | CPR Visual Estimator | Choice Job Cost | Computer aided design and drafting CADD software | ConEst BidTrac | ConEst Electrical Formulas | ConEst IntelliBid Design Build | ConEst Intellibid | ConEst JobTrac | ConEst Permit Trac | ConEst SureCount | ConEst T&M Billing Manager | ConstructConnect PlanSwift | Construction Management Software ProEst | Corel QuattroPro | Cost accounting software | Cost estimating software | Dassault Systemes CATIA | Decisioneering Crystal Ball | EFI Hagen OA | Galorath SEER | Galorath SEER-SEM | HCSS HeavyBid | HCSS HeavyJob | IBM Costimater | IBM Lotus 1-2-3 | Intuit QuickBooks | Laserfiche Avante | Logic Software Easy Projects.NET | Microsoft Access | Microsoft Business Contact Manager | Microsoft Dynamics | Microsoft Excel | Microsoft Office software | Microsoft OneNote | Microsoft Outlook | Microsoft PowerPoint | Microsoft Project | Microsoft Visio | Microsoft Word | On Center On-Screen Takeoff | Oracle Hyperion | Oracle JD Edwards EnterpriseOne | Oracle Primavera Enterprise Project Portfolio Management | PRICE Sytems TruePlanning | Palisade @Risk | Primavera Cost Management | Procore software | QSM SLIM Suite | Resources Calculations Incorporated SoftCost | SAP BusinessObjects Crystal Reports | SAP software | Sage 100 Contractor | Sage 300 Construction and Real Estate | Sage 50 Accounting | Softstar Costar COCOMO II | Software AG enterprise software | Trimble SketchUp Pro | WinEstimator WinEst | Xactware Xactimate","درک مطلب | ریاضیات | صحبت‌کردن | گوش دادن فعال | تفکر انتقادی | نوشتن | یادگیری فعال | نظارت","ریاضیات | اقتصاد و حسابداری | رایانه و الکترونیک | مهندسی و فناوری | ساختمان و ساخت‌وساز | زبان انگلیسی | مدیریت و اداره | طراحی | خدمات مشتری و خدمات شخصی","استدلال استقرایی | استدلال ریاضی | درک شنیداری | بیان شفاهی | مهارت عددی | درک نوشتاری | بینایی نزدیک | بیان نوشتاری | استدلال قیاسی | مرتب‌سازی اطلاعات | وضوح گفتار | تشخیص گفتار | انعطاف‌پذیری مقوله‌ای | حساسیت به مسئله | توجه انتخابی | تجسم ذهنی | انعطاف‌پذیری بستار | سیالیت ایده","ایمیل | مکالمات تلفنی | صرف زمان به‌صورت نشسته | گفت‌وگوی رودررو با افراد و در درون تیم‌ها | در فضای سرپوشیده با کنترل محیطی | کار یا مشارکت با یک گروه یا تیم کاری | اهمیت دقیق یا صحیح بودن | آزادی عمل در تصمیم‌گیری | تعیین وظایف، اولویت‌ها و اهداف | تأثیر تصمیمات بر همکاران یا نتایج شرکت | فشار زمانی | تعامل با دیگران","متخصصان مدیریت پروژه | بودجه‌بندان | مدیران ساخت","تخمین هزینه‌های مواد، کار و دیگر منابع برای پروژه‌ها.","بررسی نقشه‌ها و مشخصات پروژه | تجزیه و تحلیل هزینه‌های تاریخی | تخمین هزینه‌های مواد اولیه و نیروی کار | تهیه گزارش‌های برآورد | مقایسه برآورد واقعی با پیش‌بینی‌شده"
"13-1071.00","متخصصان منابع انسانی (Human Resources Specialists)","متخصص HR | متخصص استخدام | متخصص توسعه کارمند","ADP Workforce Now | AST Staff Matrix | Adobe Acrobat | Adobe Creative Cloud software | Adobe Dreamweaver | Adobe Human Capital Application Solution Accelerator | Adobe Illustrator | Adobe InDesign | Adobe LifeCycle Enterprise Suite | Adobe Photoshop | Advanced business application programming ABAP | Airtable | Apple Final Cut Pro | Apple macOS | Applicant tracking software | ApplicantPro iApplicants | Arbita OnePost | Arbita OneWorld | Assessment software | Background checking software | BlackDog Recruiting | Blackbaud The Raiser's Edge | Blackboard software | Blackdog | Bond International Adapt Staffing | Bond International Software Bond StaffSuite | BrightMove Applicant Tracking System | Bullhorn Applicant Tracking System | COATSsql | CVTracer | Candidate screening software | Candidate tracking software | Careerbuilder.com | Cisco Webex | Cluen Encore | Cluen executive recruitment software | DGCC.com RecruitTrack | Data Frenzy | Data entry software | Database software | Drupal | ESRI ArcGIS software | Ellucian Banner Human Resources | Enterprise JavaBeans | Evernote | Extensible markup language XML | FaceTime | Facebook | FileMaker Pro | GitHub | GoBackgrounds | Google | Google Ads | Google Analytics | Google Docs | Google Drive | Google Meet | Google Slides | HRM Direct | HireAbility ResumeParser | HireLogic PowerPlace | Human resource information system (HRIS) | Human resource management software HRMS | Hypertext markup language HTML | IBM Cognos Impromptu | IBM Domino | IBM InfoSphere DataStage | IBM Notes | IBM Power Systems software | IBM SPSS Statistics | ICIMS | Industrial Code Recruitpoint.net | Intelius | Intelligent Algorithms InfoGIST Platinum Recruiter | Intuit QuickBooks | Job posting software | Kronos Workforce HR | Kronos Workforce Payroll | Kronos Workforce Timekeeper | Lawson Human Resource Management | LexisNexis | LinkedIn | Loom | MEDITECH software | MPAY Millennium | Main Sequence Technologies PCRecruiter | Main Sequence Technologies PCRecruiter Resume Inhaler | Marketo Marketing Automation | Micro J Systems PcHunter | MicroStrategy | Microsoft Access | Microsoft Dynamics | Microsoft Dynamics GP | Microsoft Excel | Microsoft Internet Explorer | Microsoft Office software | Microsoft Outlook | Microsoft PowerPoint | Microsoft Project | Microsoft Publisher | Microsoft SQL Server | Microsoft SQL Server Reporting Services SSRS | Microsoft SharePoint | Microsoft Visio | Microsoft Visual Basic | Microsoft Visual Basic for Applications VBA | Microsoft Windows | Microsoft Word | NetSuite ERP | Online databases | Oracle Business Intelligence Enterprise Edition | Oracle Database | Oracle E-Business Suite Financials | Oracle Eloqua | Oracle Fusion Applications | Oracle HRIS | Oracle Hyperion | Oracle JD Edwards EnterpriseOne | Oracle PeopleSoft | Oracle PeopleSoft Financials | Oracle PeopleSoft Human Capital Management | Oracle Primavera Enterprise Project Portfolio Management | Oracle Solaris | Oracle Taleo | Oracle WebLogic Server | Perforce Helix software | Post Once | PostingPal | PowerPlace Professional | Qlik Tech QlikView | Recruit Wizard | RecruitTrack | Recruitment management software | Recruitpoint.net | Resource Edge TalentHook Sphere | Resume converter software | Resume extraction and search software | Resume processing software | ResumeRobot | SAP Business Objects | SAP Crystal Reports | SAP ERP Human Capital Management | SAP software | SAS | Safari Software Products Safari | Sage 50 Accounting | Salesforce software | Sendouts Recruiting | Silk Road technology OpenHire | Skype | Slack | SmugMug Flickr | Social media sites | Staffing Solutions Enterprises Staff Matrix | StaffingSoft Staffing Edition | StataCorp Stata | Tableau | Talent Technology HireDesk | Talent Technology Resume Mirror | Talent Technology Talemetry | TalentHook | Tax software | Technomedia Hodes iQ | TempWorks recruiting and staffing software | Teradata Database | VCG Pointwing | Vendor management system software | Web browser software | Workday software | YouTube | Zoom | eQuest","صحبت‌کردن | گوش دادن فعال | درک مطلب | نوشتن | تفکر انتقادی | یادگیری فعال | نظارت | راهبردهای یادگیری","پرسنل و منابع انسانی | اداری | مدیریت و اداره | زبان انگلیسی | خدمات مشتری و خدمات شخصی | حقوق و دولت | آموزش و پرورش","بیان شفاهی | درک شنیداری | درک نوشتاری | بیان نوشتاری | حساسیت به مسئله | استدلال قیاسی | تشخیص گفتار | وضوح گفتار | بینایی نزدیک | استدلال استقرایی | مرتب‌سازی اطلاعات | انعطاف‌پذیری مقوله‌ای","ایمیل | مکالمات تلفنی | گفت‌وگوی رودررو با افراد و در درون تیم‌ها | در فضای سرپوشیده با کنترل محیطی | تعامل با دیگران | کار یا مشارکت با یک گروه یا تیم کاری | نامه‌ها و یادداشت‌های نوشتاری | تعیین وظایف، اولویت‌ها و اهداف | آزادی عمل در تصمیم‌گیری | اهمیت دقیق یا صحیح بودن | تأثیر تصمیمات بر همکاران یا نتایج شرکت | صرف زمان به‌صورت نشسته | هماهنگی یا رهبری دیگران در انجام فعالیت‌های کاری | فراوانی تصمیم‌گیری | موقعیت‌های تعارض‌آمیز | اهمیت تکرار وظایف یکسان | فشار زمانی | سروکار داشتن با مشتریان خارجی یا عموم مردم | پیامدها و نتایج کاری سایر کارکنان | صرف زمان برای انجام حرکات تکراری","مدیران منابع انسانی | مشاوران منابع انسانی | متخصصان جبران‌خدمات","حمایت از فعالیت‌های استخدام، آموزش و توسعه کارمند.","انجام فرآیند استخدام و اسکریننگ متقاضیان | آماده‌سازی و برگزاری برنامه‌های آموزشی | نگهداری سوابق کارمند | رفع شکایات و مشکلات | کمک به توسعه سیاست‌های منابع انسانی"
"13-1074.00","پیمانکاران کار کشاورزی (Farm Labor Contractors)","پیمانکار جمع‌آوری محصول | قیم کارگران کشاورزی | مدیر تیم برداشت","Bookkeeping software | E-Verify | Facebook | Financial accounting software | Intuit QuickBooks | Microsoft Access | Microsoft Excel | Microsoft Office software | Microsoft Outlook | Microsoft SharePoint | Microsoft Word | SAP software | Web browser software","صحبت‌کردن | گوش دادن فعال | تفکر انتقادی","زبان خارجی | تولید مواد غذایی | ریاضیات | پرسنل و منابع انسانی | تولید و فرآوری | حقوق و دولت","درک شنیداری | بیان شفاهی | وضوح گفتار | تشخیص گفتار | حساسیت به مسئله | بینایی نزدیک","تعیین وظایف، اولویت‌ها و اهداف | آزادی عمل در تصمیم‌گیری | پیامدها و نتایج کاری سایر کارکنان | سلامت و ایمنی سایر کارکنان | مکالمات تلفنی | گفت‌وگوی رودررو با افراد و در درون تیم‌ها | تعامل با دیگران | اهمیت تکرار وظایف یکسان | فشار زمانی | هماهنگی یا رهبری دیگران در انجام فعالیت‌های کاری | اهمیت دقیق یا صحیح بودن | تأثیر تصمیمات بر همکاران یا نتایج شرکت | در فضای باز، در معرض همه شرایط جوی | در وسیله نقلیه سرپوشیده یا کار با تجهیزات سرپوشیده | صرف زمان به‌صورت نشسته | فراوانی تصمیم‌گیری | سطح رقابت | کار یا مشارکت با یک گروه یا تیم کاری | نامه‌ها و یادداشت‌های نوشتاری | نزدیکی فیزیکی | در معرض آلاینده‌ها","مدیران ملکیت زراعی | مدیران کشاورزی | کارشناسان علوم کشاورزی","استخدام و نظارت بر کارگران کشاورزی برای اجرای امور برداشت و رشد محصول.","استخدام و نظارت بر کارگران کشاورزی | تنظیم برنامه‌های کار | اطمینان از رعایت قوانین کار | آموزش در مورد تکنیک‌های کشاورزی امن | نگهداری سوابق حضور و حقوق‌الزحمه"
"13-1075.00","متخصصان روابط کار (Labor Relations Specialists)","متخصص صنعتی | متخصص تعارضات کار | مشاور روابط کارکنی","Internet Grievance System IGS | Kubernetes | LaborSoft LaborForce Arbitration/Appeals Manager module | LaborSoft LaborForce Discipline Manager module | LaborSoft LaborForce EEO Claims Manager module | LaborSoft LaborForce Grievance Manager module | LaborSoft LaborForce Incident Tracking module | LaborSoft LaborForce Personnel Manager module | LaborSoft LaborForce Reporting/Dashboard Manager module | Micropact entellitrak Labor Relations Edition | Microsoft Access | Microsoft Excel | Microsoft Office software | Microsoft Outlook | Microsoft PowerPoint | Microsoft SharePoint | Microsoft Word | Oracle HRIS | Oracle PeopleSoft | ServiceNow | Workday software","گوش دادن فعال | صحبت‌کردن | تفکر انتقادی | نوشتن | درک مطلب | یادگیری فعال | نظارت | راهبردهای یادگیری","پرسنل و منابع انسانی | زبان انگلیسی | حقوق و دولت | مدیریت و اداره","بیان شفاهی | درک شنیداری | درک نوشتاری | بیان نوشتاری | حساسیت به مسئله | وضوح گفتار | استدلال قیاسی | استدلال استقرایی | تشخیص گفتار | بینایی نزدیک | خلاقیت (اصالت فکر) | سیالیت ایده | مرتب‌سازی اطلاعات | انعطاف‌پذیری مقوله‌ای","ایمیل | مکالمات تلفنی | گفت‌وگوی رودررو با افراد و در درون تیم‌ها | تعامل با دیگران | آزادی عمل در تصمیم‌گیری | در فضای سرپوشیده با کنترل محیطی | صرف زمان به‌صورت نشسته | تعیین وظایف، اولویت‌ها و اهداف | کار یا مشارکت با یک گروه یا تیم کاری | موقعیت‌های تعارض‌آمیز | تأثیر تصمیمات بر همکاران یا نتایج شرکت | فراوانی تصمیم‌گیری | نامه‌ها و یادداشت‌های نوشتاری | فشار زمانی | اهمیت دقیق یا صحیح بودن | سروکار داشتن با افراد ناخوشایند، عصبانی یا بی‌ادب","مدیران منابع انسانی | متخصصان جبران‌خدمات | مدیران عمومی و عملیات","مدیریت و حل تنازعات بین کارگران و کارفرمایان.","نظارت بر روابط بین کارگران و مدیران | مذاکره در مورد قراردادهای جمعی | حل شکایات و تنازعات کار | اطمینان از رعایت قانون کار | آموزش مدیران درباره حقوق و تکالیف کار"
"13-1081.00","لجستیک‌ها (Logisticians)","متخصص لجستیک | مدیر زنجیره‌تامین | متخصص توزیع","Autodesk AutoCAD | IBM Cognos Impromptu | IBM Power Systems software | Intuit QuickBooks | Microsoft Access | Microsoft Dynamics | Microsoft Excel | Microsoft Office software | Microsoft Outlook | Microsoft PowerPoint | Microsoft Project | Microsoft SQL Server | Microsoft SharePoint | Microsoft Visio | Microsoft Word | Oracle E-Business Suite | Oracle JD Edwards EnterpriseOne | Oracle Primavera Enterprise Project Portfolio Management | Order management software | Purchasing software | Radio frequency identification RFID software | RedPrairie E2e | SAP software | SmugMug Flickr | Structured query language SQL | Warehouse management system WMS | Web browser software","تفکر انتقادی | درک مطلب | گوش دادن فعال | صحبت‌کردن | نظارت | یادگیری فعال | نوشتن | راهبردهای یادگیری | ریاضیات","حمل‌ونقل | زبان انگلیسی | مدیریت و اداره | خدمات مشتری و خدمات شخصی | ریاضیات | رایانه و الکترونیک | اقتصاد و حسابداری | ایمنی و امنیت عمومی | جغرافیا | فروش و بازاریابی | تولید و فرآوری | آموزش و پرورش | پرسنل و منابع انسانی | حقوق و دولت","درک شنیداری | درک نوشتاری | بیان شفاهی | حساسیت به مسئله | استدلال قیاسی | استدلال استقرایی | مرتب‌سازی اطلاعات | تشخیص گفتار | وضوح گفتار | بیان نوشتاری | بینایی نزدیک | خلاقیت (اصالت فکر) | سیالیت ایده | مهارت عددی | انعطاف‌پذیری مقوله‌ای | تجسم ذهنی | انعطاف‌پذیری بستار | استدلال ریاضی","مکالمات تلفنی | ایمیل | گفت‌وگوی رودررو با افراد و در درون تیم‌ها | کار یا مشارکت با یک گروه یا تیم کاری | تعامل با دیگران | فشار زمانی | در فضای سرپوشیده با کنترل محیطی | آزادی عمل در تصمیم‌گیری | نامه‌ها و یادداشت‌های نوشتاری | سروکار داشتن با مشتریان خارجی یا عموم مردم | اهمیت دقیق یا صحیح بودن | صرف زمان به‌صورت نشسته | تعیین وظایف، اولویت‌ها و اهداف | تأثیر تصمیمات بر همکاران یا نتایج شرکت | هماهنگی یا رهبری دیگران در انجام فعالیت‌های کاری | فراوانی تصمیم‌گیری","متخصصان مدیریت پروژه | مدیران تامین | مدیران عمومی و عملیات","مدیریت و بهینه‌سازی زنجیره‌های تامین و توزیع.","تجزیه و تحلیل نیازهای زنجیره‌تامین | بهینه‌سازی مسیرهای توزیع و انبارداری | هماهنگی با تأمین‌کنندگان و حمل‌کنندگان | کاهش هزینه‌های لجستیکی | نظارت بر رضایت مشتری"
"13-1081.01","مهندسان لجستیک (Logistics Engineers)","مهندس زنجیره‌تامین | مهندس توزیع | متخصص بهینه‌سازی لجستیک","Autodesk AutoCAD | C++ | Computer aided design and drafting CADD software | Failure modes and effects analysis FMEA software | IBM Cognos Impromptu | IBM ILOG CPLEX Optimization Studio | IBM Notes | ITEM Software ITEM ToolKit | ITEM Software Spare Cost | JDA Manugistics | JMS Software RCM WorkSaver | LOGSA COMPASS | LOGSA SYSPARS | Logistics Cost Estimating Tool | Logistics Support Analysts SmartLogic | Logistics management information LMI database software | Microsoft Access | Microsoft Excel | Microsoft Office software | Microsoft Outlook | Microsoft Power BI | Microsoft PowerPoint | Microsoft Project | Microsoft SQL Server | Microsoft SharePoint | Microsoft Visio | Microsoft Visual Basic | Microsoft Visual Basic for Applications VBA | Microsoft Word | Minitab | Oracle Database | Oracle Hyperion | Oracle Java | Oracle Primavera Enterprise Project Portfolio Management | Prolog | Python | Relex FMEA | ReliaSoft RCM++ | ReliaSoft XFMEA | Reliability centered maintenance RCM software | Reliass EAGLE | SAP Business Objects | SAP software | SAS | Structured query language SQL | Tableau | Warehouse management system WMS | i2 Transportation Modeler","نوشتن | یادگیری فعال | گوش دادن فعال | درک مطلب | ریاضیات | صحبت‌کردن | تفکر انتقادی | نظارت | راهبردهای یادگیری","مهندسی و فناوری | ریاضیات | حمل‌ونقل | تولید و فرآوری | رایانه و الکترونیک | زبان انگلیسی | اقتصاد و حسابداری | مدیریت و اداره | طراحی | آموزش و پرورش | خدمات مشتری و خدمات شخصی","درک نوشتاری | استدلال ریاضی | بیان نوشتاری | سیالیت ایده | حساسیت به مسئله | استدلال قیاسی | استدلال استقرایی | مرتب‌سازی اطلاعات | درک شنیداری | بیان شفاهی | خلاقیت (اصالت فکر) | بینایی نزدیک | وضوح گفتار | مهارت عددی | انعطاف‌پذیری مقوله‌ای | تشخیص گفتار | انعطاف‌پذیری بستار | تجسم ذهنی | بینایی دور | توجه انتخابی","ایمیل | در فضای سرپوشیده با کنترل محیطی | مکالمات تلفنی | گفت‌وگوی رودررو با افراد و در درون تیم‌ها | تعامل با دیگران | کار یا مشارکت با یک گروه یا تیم کاری | آزادی عمل در تصمیم‌گیری | تعیین وظایف، اولویت‌ها و اهداف | صرف زمان به‌صورت نشسته | فشار زمانی | اهمیت دقیق یا صحیح بودن | پیامدها و نتایج کاری سایر کارکنان | هماهنگی یا رهبری دیگران در انجام فعالیت‌های کاری | تأثیر تصمیمات بر همکاران یا نتایج شرکت | فراوانی تصمیم‌گیری | نامه‌ها و یادداشت‌های نوشتاری | سروکار داشتن با مشتریان خارجی یا عموم مردم","متخصصان لجستیک | مدیران توسعه | مهندسان صنایع","طراحی و بهینه‌سازی سیستم‌های لجستیکی.","طراحی مدل‌های توزیع و انبارداری | تجزیه و تحلیل داده‌های لجستیکی | پیشنهاد بهبود‌های فرآیند | کار با نرم‌افزار شبیه‌سازی | اجرای فناوری‌های لجستیکی جدید"
"13-1081.02","تحلیل‌گران لجستیک (Logistics Analysts)","تحلیل‌گر زنجیره‌تامین | متخصص بررسی توزیع | تحلیل‌گر عملیات","3PL Central | Advanced business application programming ABAP | Amazon Redshift | Cadre Technologies Accuplus Integrated Distribution Logistics System | ESRI ArcLogistics | Fleet management software | Flow chart software | Four Soft 4S VisiLog | Four Soft 4S eLog | Graphics software | IBM Cognos Impromptu | IBM Notes | IBM SPSS Statistics | IntelliTrack 3PL | Inventory control software | Inventory management systems | Logisuite Enterprise | Logisuite Forwarder | MicroStrategy | Microsoft Access | Microsoft Excel | Microsoft Office software | Microsoft Outlook | Microsoft Power BI | Microsoft PowerPoint | Microsoft Project | Microsoft SQL Server | Microsoft SharePoint | Microsoft Visio | Microsoft Visual Basic | Microsoft Visual Basic for Applications VBA | Microsoft Windows | Microsoft Word | Minitab | Optimization software | Oracle Business Intelligence Enterprise Edition | Oracle E-Business Suite Financials | Oracle E-Business Suite Logistics | Oracle Hyperion | Oracle JD Edwards EnterpriseOne | Oracle PeopleSoft | Oracle PeopleSoft Financials | Oracle Primavera Enterprise Project Portfolio Management | Qlik Tech QlikView | Reporting software | SAP Business Objects | SAP Crystal Reports | SAP software | StataCorp Stata | Structured query language SQL | Tableau | The MathWorks MATLAB | Warehouse management system WMS","تفکر انتقادی | درک مطلب | گوش دادن فعال | صحبت‌کردن | نظارت | نوشتن | یادگیری فعال | ریاضیات","زبان انگلیسی | رایانه و الکترونیک | حمل‌ونقل | ریاضیات | مدیریت و اداره | خدمات مشتری و خدمات شخصی | آموزش و پرورش | جغرافیا | اداری | تولید و فرآوری | حقوق و دولت","درک شنیداری | بیان شفاهی | درک نوشتاری | بینایی نزدیک | تشخیص گفتار | مرتب‌سازی اطلاعات | استدلال قیاسی | استدلال استقرایی | حساسیت به مسئله | استدلال ریاضی | وضوح گفتار | مهارت عددی | انعطاف‌پذیری بستار | توجه انتخابی | انعطاف‌پذیری مقوله‌ای | بیان نوشتاری | خلاقیت (اصالت فکر) | سیالیت ایده | سرعت ادراکی","ایمیل | مکالمات تلفنی | در فضای سرپوشیده با کنترل محیطی | تعامل با دیگران | صرف زمان به‌صورت نشسته | کار یا مشارکت با یک گروه یا تیم کاری | گفت‌وگوی رودررو با افراد و در درون تیم‌ها | فشار زمانی | آزادی عمل در تصمیم‌گیری | اهمیت دقیق یا صحیح بودن | تعیین وظایف، اولویت‌ها و اهداف | اهمیت تکرار وظایف یکسان | هماهنگی یا رهبری دیگران در انجام فعالیت‌های کاری | صرف زمان برای انجام حرکات تکراری","متخصصان لجستیک | تحلیل‌گران داده | متخصصان مدیریت پروژه","تجزیه و تحلیل داده‌های لجستیکی برای بهبود کارایی.","جمع‌آوری و تجزیه‌وتحلیل داده‌های لجستیکی | تهیه گزارش‌های عملکردی | شناسایی فرصت‌های بهبود | کار با نرم‌افزارهای تجزیه و تحلیل | ارائه پیشنهادات بهبود‌های فرآیند"
"13-1082.00","متخصصان مدیریت پروژه (Project Management Specialists)","مدیر پروژه | متخصص برنامه‌ریزی پروژه | کوچ پروژه","3M Post-it App | ADP Workforce Now | Adobe Acrobat | Adobe InDesign | Adobe Photoshop | Airtable | Apple Keynote | Apple macOS | Asana | Atlassian Bamboo | Atlassian Confluence | Atlassian JIRA | Autodesk AutoCAD Civil 3D | Bentley MicroStation | Blackboard software | Blink | Cisco Webex | Dropbox | Eko | Evernote | Flipgrid | Git | GitHub | Google Classroom | Google Docs | Google Drive | Google Meet | Google Sites | Google Slides | Google Workspace software | GroupMe | IBM Cognos Impromptu | IBM Notes | IBM SPSS Statistics | Intuit QuickBooks | JamBoard | LinkedIn | Linux | LogMeIn GoToMeeting | LogMeIn GoToWebinar | Loom | Management information systems MIS | Marketo Marketing Automation | Microsoft Access | Microsoft Azure software | Microsoft Dynamics | Microsoft Dynamics GP | Microsoft Excel | Microsoft Exchange | Microsoft Office software | Microsoft OneNote | Microsoft Outlook | Microsoft PowerPoint | Microsoft Project | Microsoft SharePoint | Microsoft Teams | Microsoft Visio | Microsoft Visual Basic | Microsoft Visual Basic for Applications VBA | Microsoft Windows | Microsoft Word | Moodle | Nearpod | NetSuite ERP | Oracle Business Intelligence Enterprise Edition | Oracle Database | Oracle Hyperion | Oracle JD Edwards EnterpriseOne | Oracle PeopleSoft | Oracle Primavera Enterprise Project Portfolio Management | Padlet | Planview Clarizen | Poll Everywhere | Procore software | Qlik Tech QlikView | SAP Crystal Reports | SAP software | SAS | Salesforce software | Screencast-O-Matic | Screencastify | Skype | Slack | Slido interaction software | Smartsheet | Social media sites | Tableau | Trimble SketchUp Pro | YouTube | Zoom","درک مطلب | تفکر انتقادی | گوش دادن فعال | صحبت‌کردن | نوشتن | نظارت | یادگیری فعال | راهبردهای یادگیری","مدیریت و اداره | زبان انگلیسی | خدمات مشتری و خدمات شخصی | رایانه و الکترونیک | اقتصاد و حسابداری | ریاضیات | پرسنل و منابع انسانی | مهندسی و فناوری | آموزش و پرورش","درک شنیداری | درک نوشتاری | بیان شفاهی | بیان نوشتاری | استدلال قیاسی | استدلال استقرایی | مرتب‌سازی اطلاعات | حساسیت به مسئله | بینایی نزدیک | وضوح گفتار | تشخیص گفتار | انعطاف‌پذیری مقوله‌ای | سیالیت ایده | خلاقیت (اصالت فکر) | توجه انتخابی | تقسیم توجه | تجسم ذهنی | به‌خاطرسپاری | استدلال ریاضی | مهارت عددی | سرعت ادراکی | انعطاف‌پذیری بستار","ایمیل | مکالمات تلفنی | گفت‌وگوی رودررو با افراد و در درون تیم‌ها | در فضای سرپوشیده با کنترل محیطی | صرف زمان به‌صورت نشسته | تعامل با دیگران | کار یا مشارکت با یک گروه یا تیم کاری | آزادی عمل در تصمیم‌گیری | تعیین وظایف، اولویت‌ها و اهداف | اهمیت دقیق یا صحیح بودن | فشار زمانی | نامه‌ها و یادداشت‌های نوشتاری | فراوانی تصمیم‌گیری | تأثیر تصمیمات بر همکاران یا نتایج شرکت | سروکار داشتن با مشتریان خارجی یا عموم مردم | هماهنگی یا رهبری دیگران در انجام فعالیت‌های کاری | پیامدها و نتایج کاری سایر کارکنان | سخنرانی عمومی | موقعیت‌های تعارض‌آمیز | سطح رقابت","مدیران عمومی و عملیات | مدیران بخش | مشاوران مدیریت","برنامه‌ریزی، نظارت و مدیریت پروژه‌های کسب‌وکار.","توسعه طرح‌ها و برنامه‌های جزئی پروژه | تخصیص منابع و بودجه | ردگیری پیشرفت پروژه | مدیریت ریسک و مشکلات | ارتباط با ذی‌نفعان و تیم پروژه"
"13-1111.00","تحلیل‌گران مدیریت (Management Analysts)","مشاور مدیریت | مشاور تجاری | متخصص بهبود عملیات","3M Post-it App | ADP Workforce Now | AJAX | Adobe Acrobat | Adobe ActionScript | Adobe Dreamweaver | Adobe InDesign | Advanced business application programming ABAP | Airtable | Alteryx software | Amazon Elastic Compute Cloud EC2 | Amazon Redshift | Amazon Web Services AWS software | Ansible software | Apache Ant | Apache Cassandra | Apache Groovy | Apache HTTP Server | Apache Hadoop | Apache Hive | Apache Kafka | Apache Maven | Apache Pig | Apache Solr | Apache Spark | Apache Struts | Apache Subversion SVN | Apache Tomcat | Apple macOS | Atlassian Bamboo | Atlassian Confluence | Atlassian JIRA | Backbone.js | Bash | Blackbaud The Raiser's Edge | Blackboard software | C | C# | C++ | Cascading style sheets CSS | Ceridian Dayforce enterprise HCM | Chef | Cisco Webex | Citrix cloud computing software | Common business oriented language COBOL | Customer information control system CICS | Database software | Delphi Technology | Dropbox | Drupal | Dynamic hypertext markup language DHTML | ESRI ArcGIS software | Eclipse IDE | Eko | Elasticsearch | Enterprise JavaBeans | Epic Systems | Ext JS | Extensible hypertext markup language XHTML | Extensible markup language XML | FileMaker Pro | Fund accounting software | Geographic information system GIS software | Git | GitHub | Go | Google Analytics | Google Angular | Google Docs | Google Drive | Google Meet | Google Slides | Healthcare common procedure coding system HCPCS | Hewlett Packard HP-UX | Hewlett Packard LoadRunner | Hibernate ORM | Human resource management software HRMS | Hypertext markup language HTML | IBM Cognos Impromptu | IBM Cognos ReportNet | IBM Domino | IBM InfoSphere DataStage | IBM Notes | IBM Power Systems software | IBM Rational RequisitePro | IBM SPSS Statistics | IBM WebSphere | Information Builders WebFOCUS | Integrated development environment IDE software | JUnit | JavaScript | JavaScript Object Notation JSON | Job control language JCL | Jupyter Notebook | KornShell | LexisNexis | LinkedIn | Linux | LogMeIn GoToMeeting | MEDITECH software | Marketo Marketing Automation | McAfee | Medical condition coding software | Medical procedure coding software | Mentimeter | MicroFocus GroupWise | MicroStrategy | Microsoft .NET Framework | Microsoft ASP.NET | Microsoft ASP.NET Core MVC | Microsoft Access | Microsoft Active Server Pages ASP | Microsoft ActiveX | Microsoft Azure software | Microsoft Business Intelligence BI | Microsoft Dynamics | Microsoft Dynamics GP | Microsoft Excel | Microsoft Exchange | Microsoft Office software | Microsoft OneNote | Microsoft Outlook | Microsoft Power BI | Microsoft PowerPoint | Microsoft PowerShell | Microsoft Project | Microsoft Publisher | Microsoft SQL Server | Microsoft SQL Server Integration Services SSIS | Microsoft SQL Server Reporting Services SSRS | Microsoft SharePoint | Microsoft Team Foundation Server | Microsoft Teams | Microsoft Visio | Microsoft Visual Basic | Microsoft Visual Basic Scripting Edition VBScript | Microsoft Visual Basic for Applications VBA | Microsoft Visual Studio | Microsoft Windows | Microsoft Word | Minitab | MongoDB | MySQL | Nagios | NetSuite ERP | NoSQL | Node.js | NortonLifeLock cybersecurity software | Oracle Agile Product Lifecycle Management PLM | Oracle Business Intelligence Enterprise Edition | Oracle Business Intelligence Publisher | Oracle Database | Oracle E-Business Suite Financials | Oracle Eloqua | Oracle Fusion Applications | Oracle Hyperion | Oracle JD Edwards EnterpriseOne | Oracle JDBC | Oracle Java | Oracle JavaServer Pages JSP | Oracle PL/SQL | Oracle PeopleSoft | Oracle PeopleSoft Financials | Oracle Primavera Enterprise Project Portfolio Management | Oracle Solaris | Oracle Taleo | Oracle WebLogic Server | PHP | Perforce Helix software | Perl | PostgreSQL | Puppet | Python | Qlik Tech QlikView | Quest Erwin Data Modeler | R | Red Hat Enterprise Linux | Red Hat WildFly | Relational database management software | Ruby | Ruby on Rails | SAP Business Objects | SAP Crystal Reports | SAP software | SAS | Sage 50 Accounting | Salesforce Visualforce | Salesforce software | Scala | Screencastify | Selenium | Shell script | Skype | Slido interaction software | SmugMug Flickr | Splunk Enterprise | Spring Framework | StataCorp Stata | Structured query language SQL | Supervisory control and data acquisition SCADA software | Swift | Tableau | Tax software | Teradata Database | The MathWorks MATLAB | Transact-SQL | Trimble SketchUp Pro | UNIX | Ubuntu | Unified modeling language UML | VMware | Veritas NetBackup | Virtual private networking VPN software | Web browser software | Wireshark | jQuery","درک مطلب | گوش دادن فعال | تفکر انتقادی | صحبت‌کردن | نوشتن | نظارت | یادگیری فعال | راهبردهای یادگیری | ریاضیات","زبان انگلیسی | مدیریت و اداره | خدمات مشتری و خدمات شخصی | ریاضیات | آموزش و پرورش | رایانه و الکترونیک | اقتصاد و حسابداری | پرسنل و منابع انسانی | حقوق و دولت | فروش و بازاریابی | روان‌شناسی | ارتباطات و رسانه | جامعه‌شناسی و مردم‌شناسی","درک شنیداری | درک نوشتاری | بیان شفاهی | حساسیت به مسئله | بیان نوشتاری | استدلال قیاسی | استدلال استقرایی | تشخیص گفتار | وضوح گفتار | سیالیت ایده | مرتب‌سازی اطلاعات | بینایی نزدیک | انعطاف‌پذیری مقوله‌ای | خلاقیت (اصالت فکر) | توجه انتخابی | انعطاف‌پذیری بستار | استدلال ریاضی","ایمیل | مکالمات تلفنی | گفت‌وگوی رودررو با افراد و در درون تیم‌ها | کار یا مشارکت با یک گروه یا تیم کاری | تعیین وظایف، اولویت‌ها و اهداف | در فضای سرپوشیده با کنترل محیطی | تعامل با دیگران | صرف زمان به‌صورت نشسته | آزادی عمل در تصمیم‌گیری | هماهنگی یا رهبری دیگران در انجام فعالیت‌های کاری | تأثیر تصمیمات بر همکاران یا نتایج شرکت | اهمیت دقیق یا صحیح بودن | فشار زمانی | نامه‌ها و یادداشت‌های نوشتاری | فراوانی تصمیم‌گیری | سروکار داشتن با مشتریان خارجی یا عموم مردم | پیامدها و نتایج کاری سایر کارکنان | سطح رقابت","مشاوران مدیریت | متخصصان مدیریت پروژه | مدیران عمومی و عملیات","تجزیه و تحلیل فرآیند‌های کسب‌وکار و پیشنهاد بهبود‌ها.","مصاحبه با کارکنان و مدیران برای درک فرآیند‌ها | بررسی اسناد و سوابق | تجزیه و تحلیل داده‌های عملیاتی | تهیه گزارش‌های توصیه | ارائه پیشنهادات بهبود به مدیران"
"13-1121.00","برنامه‌ریزان جلسات، کنفرانس و رویدادها (Meeting, Convention, and Event Planners)","برنامه‌ریز رویداد | برنامه‌ریز کنفرانس | متخصص تدوین برنامه|سازمان‌دهنده رویداد","Active Network EventRegister | Adobe Creative Cloud software | Adobe InDesign | Adobe Photoshop | Blackbaud The Raiser's Edge | Convention Industry Council CIC APEX Toolbox | Dean Evans & Associates EMS Professional | Delphi Discovery | Delphi Technology | ESRI ArcGIS software | Event Management Software | Events Operations Software | Facebook | FileMaker Pro | Geographic information system GIS software | Google Docs | Google Drive | GruupMeet | Hypertext markup language HTML | IBM Lotus Notes | Lenos marketing automation software | LinkedIn | LogMeIn GoToMeeting | LogMeIn GoToWebinar | Marketo Marketing Automation | MeetingMatrix International | MemberClicks COMPLETE | Mentimeter | Microsoft Access | Microsoft Dynamics | Microsoft Excel | Microsoft Office software | Microsoft Outlook | Microsoft PowerPoint | Microsoft Project | Microsoft Publisher | Microsoft Word | NSF Hospitality Rendezvous Events | Oracle Eloqua | Oracle Primavera Enterprise Project Portfolio Management | ParentSquare | Planstone | SmugMug Flickr | Social media sites | Trimble SketchUp Pro | Web browser software","گوش دادن فعال | درک مطلب | صحبت‌کردن | تفکر انتقادی | نوشتن | نظارت | یادگیری فعال","خدمات مشتری و خدمات شخصی | زبان انگلیسی | ارتباطات و رسانه | اداری | مدیریت و اداره | رایانه و الکترونیک | ایمنی و امنیت عمومی","درک شنیداری | درک نوشتاری | بیان شفاهی | بیان نوشتاری | تشخیص گفتار | حساسیت به مسئله | استدلال قیاسی | وضوح گفتار | سیالیت ایده | بینایی نزدیک | خلاقیت (اصالت فکر) | استدلال استقرایی | مرتب‌سازی اطلاعات | انعطاف‌پذیری مقوله‌ای | بینایی دور | توجه انتخابی | تقسیم توجه | تجسم ذهنی | استدلال ریاضی","مکالمات تلفنی | گفت‌وگوی رودررو با افراد و در درون تیم‌ها | تعامل با دیگران | ایمیل | کار یا مشارکت با یک گروه یا تیم کاری | تعیین وظایف، اولویت‌ها و اهداف | سروکار داشتن با مشتریان خارجی یا عموم مردم | هماهنگی یا رهبری دیگران در انجام فعالیت‌های کاری | فشار زمانی | آزادی عمل در تصمیم‌گیری | فراوانی تصمیم‌گیری | در فضای سرپوشیده با کنترل محیطی | تأثیر تصمیمات بر همکاران یا نتایج شرکت | نامه‌ها و یادداشت‌های نوشتاری | اهمیت دقیق یا صحیح بودن | پیامدها و نتایج کاری سایر کارکنان | سطح رقابت | نزدیکی فیزیکی | صرف زمان برای انجام حرکات تکراری | صرف زمان به‌صورت نشسته | در معرض صداها و سطوح نویزی مزاحم یا ناخوشایند | موقعیت‌های تعارض‌آمیز","مدیران خدمات مهمان | مدیران هتل | متخصصان روابط عمومی | مدیران بازاریابی","برنامه‌ریزی و سازمان‌دهی جلسات، کنفرانس‌ها و رویدادهای تجاری و اجتماعی.","انتخاب مکان و تأمین تأسیسات رویداد | تنظیم بودجه و هزینه‌های رویداد | تدوین برنامه و فعالیت‌های رویداد | هماهنگی با فروشندگان و تأمین‌کنندگان | نظارت بر اجرای رویداد"
"13-1131.00","جمع‌آورندگان کمک‌های مالی (Fundraisers)","متخصص جمع‌آوری کمک | مدیر برنامه‌های کمک | نماینده تبرع‌ها","Adobe PageMaker | AudienceView Ticketing | Blackbaud Luminate CRM | Blackbaud The Raiser's Edge | Blackbaud eTapestry | Constant Contact | Corel CorelDraw Graphics Suite | Database software | Email software | Facebook | FileMaker Pro | Foundatino Directory Online (FDO) | Microsoft Dynamics | Microsoft Excel | Microsoft Office software | Microsoft Outlook | Microsoft PowerPoint | Microsoft Publisher | Microsoft Word | SAP BusinessObjects Crystal Reports | Salesforce software | SofterWare DonorPerfect | Structured query language SQL | Tessitura Network Tessitura Software | Twitter | WealthEngine Findwealth | Web browser software","صحبت‌کردن | نوشتن | گوش دادن فعال | درک مطلب | تفکر انتقادی | یادگیری فعال | نظارت | ریاضیات","خدمات مشتری و خدمات شخصی | زبان انگلیسی | فروش و بازاریابی | مدیریت و اداره | ارتباطات و رسانه | اقتصاد و حسابداری | رایانه و الکترونیک | اداری","بیان شفاهی | وضوح گفتار | درک شنیداری | درک نوشتاری | بیان نوشتاری | تشخیص گفتار | استدلال استقرایی | استدلال قیاسی | سیالیت ایده | بینایی نزدیک | حساسیت به مسئله | مرتب‌سازی اطلاعات | خلاقیت (اصالت فکر) | انعطاف‌پذیری مقوله‌ای | مهارت عددی | استدلال ریاضی","گفت‌وگوی رودررو با افراد و در درون تیم‌ها | ایمیل | مکالمات تلفنی | سروکار داشتن با مشتریان خارجی یا عموم مردم | تعامل با دیگران | کار یا مشارکت با یک گروه یا تیم کاری | تعیین وظایف، اولویت‌ها و اهداف | نامه‌ها و یادداشت‌های نوشتاری | آزادی عمل در تصمیم‌گیری | صرف زمان به‌صورت نشسته | تأثیر تصمیمات بر همکاران یا نتایج شرکت | هماهنگی یا رهبری دیگران در انجام فعالیت‌های کاری | در فضای سرپوشیده با کنترل محیطی | فراوانی تصمیم‌گیری | فشار زمانی | اهمیت دقیق یا صحیح بودن | سطح رقابت","متخصصان روابط عمومی | مدیران برنامه | مدیران منابع انسانی","جمع‌آوری کمک‌های مالی برای سازمان‌های غیرانتفاعی.","شناسایی و تماس با اهداء‌کنندگان احتمالی | تدوین پیشنهادات و برنامه‌های جمع‌آوری کمک | سازمان‌دهی رویدادهای جمع‌آوری کمک | نگهداری سوابق اهداء‌کنندگان | تشکر و حفظ ارتباط با اهداء‌کنندگان"
"13-1141.00","متخصصان جبران‌خدمات، مزایا و تجزیه‌و‌تحلیل شغل (Compensation, Benefits, and Job Analysis Specialists)","متخصص مزایا | کارشناس حقوق | متخصص تحلیل شغل","ADP Enterprise eTIME | ADP Workforce Now | Actuarial Systems Corporation AIM | Actuarial Systems Corporation Compliance Testing System | Actuarial Systems Corporation DV Direct | Actuarial Systems Corporation Defined Benefit System | Actuarial Systems Corporation Document Generation and Management System | Apex Business Software iBenefits | Ascentis Employee Self-Service | Ascentis HR | BEMAS PayDirect | Bargaining Power | BenAssist | Benaissance COBRApoint | BeneLink Connect | BeneXL Technologies Pension Administration System | Benefit Plan Systems Corporation The Plan Administrator | Benefit Software Fringe Facts | BenefitFocus HR in Touch | Benelogic | Byrne Software Technologies Visual HCS | Callidus TrueComp | Ceridian Dayforce enterprise HCM | Clayton Wallis CompGeo Online Professional Forecast Library | DataPath dpiSuite | Document management system software | Ebenefits Solutions Benefits Management | Employee self-service software | Halogen eCompensation | Healthcare common procedure coding system HCPCS | Human resource information system (HRIS) | Human resource management software HRMS | Humanic Design Employmee Self-Service | Humanic Design Human Resources Management System | IBM Cognos | IBM Cognos Impromptu | IBM SPSS Statistics | Incentive management system software | InfinityHR | Kronos Workforce Timekeeper | Lawson ERP | LinkedIn | Lynchval Systems Lvadmin | Lynchval Systems Lvval | Lynchval Systems Lvxact | Medical condition coding software | Medical procedure coding software | MicroStrategy | Microsoft Access | Microsoft Dynamics | Microsoft Excel | Microsoft Internet Explorer | Microsoft Office software | Microsoft Outlook | Microsoft PowerPoint | Microsoft Project | Microsoft SQL Server | Microsoft SharePoint | Microsoft Visual Basic | Microsoft Word | NPKTools Comp Analytics | NPKTools CompXpert | O*NET OnLine | OnQue Technologies COBRA OnOne | Oracle E-Business Suite Human Resources Management System | Oracle Fusion Applications | Oracle HRIS | Oracle PeopleSoft | Oracle Taleo | Project planning software | Relational database management software | SAP Crystal Reports | SAP ERP Human Capital Management | SAP software | SAS | SBC Systems Benefits Workstation | Sage HRMS | Salary.com | Stroud & Associates Employee Benefits Administration System | Structured query language SQL | Survey Sense | Transcend Technologies Group benefitsCONNECT | Travis Software TravisFlex | Ultimate Software UltiPro Workplace | VUE Benefits Manager | VUE Compensation Management | Vebnet FIX&FLEX | Virtual Benefits Administrator | Vitech Systems Group V3 Benefits Administration System | Watson Wyatt CompQuest On-Line | Watson Wyatt Global Grading System | Watson Wyatt Reward | Workday software | Workscape Outsourced Employee Benefits Administration | Xactly Compel","درک مطلب | گوش دادن فعال | صحبت‌کردن | تفکر انتقادی | نوشتن | یادگیری فعال | ریاضیات | نظارت","پرسنل و منابع انسانی | زبان انگلیسی | خدمات مشتری و خدمات شخصی | ریاضیات | مدیریت و اداره | اقتصاد و حسابداری | اداری | رایانه و الکترونیک | حقوق و دولت","بیان شفاهی | درک شنیداری | درک نوشتاری | حساسیت به مسئله | استدلال قیاسی | استدلال استقرایی | وضوح گفتار | بیان نوشتاری | مرتب‌سازی اطلاعات | بینایی نزدیک | تشخیص گفتار | استدلال ریاضی | توجه انتخابی | انعطاف‌پذیری بستار | خلاقیت (اصالت فکر) | سیالیت ایده | انعطاف‌پذیری مقوله‌ای","ایمیل | مکالمات تلفنی | صرف زمان به‌صورت نشسته | گفت‌وگوی رودررو با افراد و در درون تیم‌ها | اهمیت دقیق یا صحیح بودن | در فضای سرپوشیده با کنترل محیطی | تعامل با دیگران | کار یا مشارکت با یک گروه یا تیم کاری | تأثیر تصمیمات بر همکاران یا نتایج شرکت | تعیین وظایف، اولویت‌ها و اهداف | فراوانی تصمیم‌گیری | فشار زمانی | آزادی عمل در تصمیم‌گیری | اهمیت تکرار وظایف یکسان | نامه‌ها و یادداشت‌های نوشتاری","مدیران منابع انسانی | مدیران حقوق‌الزحمه | متخصصان منابع انسانی","تجزیه و تحلیل مقررات شغل، معاش و مزایا.","انجام تجزیه و تحلیل شغل و عنوان‌های شغلی | بررسی بازار برای معاش رقابتی | طراحی برنامه‌های جبران‌خدمات و مزایا | اطمینان از انطباق با قوانین کار | تجدید‌نظر و به‌روزرسانی توضیحات شغلی"
"13-1151.00","متخصصان آموزش و توسعه (Training and Development Specialists)","متخصص توسعه کارکنان | مدرس شرکتی | کوچ توسعه","Adobe Acrobat | Adobe ActionScript | Adobe After Effects | Adobe Authorware | Adobe Captivate | Adobe Creative Cloud software | Adobe Dreamweaver | Adobe Illustrator | Adobe InDesign | Adobe Photoshop | Adobe Presenter | Advanced business application programming ABAP | Alchemy Systems SISTEM | Apache Struts | Apple Final Cut Pro | Articulate Rapid E-Learning Studio | Backbone.js | Beeline Learning Management System LMS | Blackbaud The Raiser's Edge | Blackboard software | Blatant Media Absorb LMS | Brainshark Rapid Learning | Cisco Webex | Citrix cloud computing software | Cobent Learning and Compliance Suite LCS | Common Curriculum | Computer Generated Solutions Learning Management System | Database software | Django | Drupal | EZ LCMS | Eedo Knowledgeware Eedo Force Ten | ElearningForce JoomlaLMS | Epic Systems | FileMaker Pro | FlexTraining Total e-Learning Solution | G-Cube Solutions Wizdom Web LMS | GeoMetrix Data Systems Training Partner | Google Drive | Google Meet | Google Sites | Google Slides | HP Trim | Halogen eLMS | Human resource management software HRMS | Hypertext markup language HTML | IBM Notes | IBM SPSS Statistics | ICS Learning Group Inquisiq EX | Ikonami AT-Learning Tool | Inspired eLearning iLMS | Intelladon Enterprise Knowledge Platform EKP | Intelligent Information Conversion Technologies MeritScholar | Intellum Rollbook | Interwoven software | JavaScript | Kahoot! | Learn HQ Activate LMS | Learning management system LMS | LogMeIn GoToMeeting | LogMeIn GoToWebinar | Medworxx Learning Management System | Mentimeter | Microsoft Access | Microsoft Dynamics | Microsoft Excel | Microsoft NetMeeting | Microsoft Office software | Microsoft OneNote | Microsoft Outlook | Microsoft PowerPoint | Microsoft Project | Microsoft Publisher | Microsoft SharePoint | Microsoft Visio | Microsoft Word | Moodle | MySQL | Mzinga On-Demand Learning Suite | NetDimensions Enterprise Knowledge Platform EKP | OnPoint Digital OnPoint Learning & Performance Suite | Operitel LearnFlex | Oracle Business Intelligence Enterprise Edition | Oracle PL/SQL | Oracle PeopleSoft | Oracle PeopleSoft Financials | Oracle Solaris | Oracle Taleo | Oracle WebLogic Server | PHP | PRO-ductivity Systems Compliance Training Manager Web | Pathlore LMS | Plateau Learning Management System LMS | Poll Everywhere | Prezi | Qarbon ViewletBuilder Professional | RISC Virtual Training Assistant | Right Reason Technologies RightTrack | SAP software | Screencast-O-Matic | SkillSoft SkillPort | SmugMug Flickr | SumTotal Systems ToolBook | SumTotal Systems TotalLMS | Telania eLeaP Learning Management System LMS/LCMS | The Human Equation InSite LMS | TrainCaster LMS | TrainOnTrack Learning Management System LMS | Upside Learning UpsideLMS | WeVideo | Web browser software | Xerceo Learn | Xyleme Learning Content Management System LCMS | Ziiva Prosperity LMS | Zoom | dominKnow Learning Center | techniques.org knowledgeWorks LMS","صحبت‌کردن | راهبردهای یادگیری | گوش دادن فعال | درک مطلب | نوشتن | تفکر انتقادی | یادگیری فعال | نظارت","آموزش و پرورش | خدمات مشتری و خدمات شخصی | زبان انگلیسی | پرسنل و منابع انسانی | مدیریت و اداره | روان‌شناسی | ارتباطات و رسانه","بیان شفاهی | درک شنیداری | درک نوشتاری | بیان نوشتاری | تشخیص گفتار | وضوح گفتار | بینایی نزدیک | سیالیت ایده | حساسیت به مسئله | استدلال قیاسی | خلاقیت (اصالت فکر) | استدلال استقرایی | انعطاف‌پذیری مقوله‌ای | مرتب‌سازی اطلاعات | بینایی دور | توجه انتخابی | به‌خاطرسپاری","ایمیل | تعامل با دیگران | مکالمات تلفنی | گفت‌وگوی رودررو با افراد و در درون تیم‌ها | آزادی عمل در تصمیم‌گیری | کار یا مشارکت با یک گروه یا تیم کاری | تعیین وظایف، اولویت‌ها و اهداف | در فضای سرپوشیده با کنترل محیطی | صرف زمان به‌صورت نشسته | سخنرانی عمومی | فشار زمانی | هماهنگی یا رهبری دیگران در انجام فعالیت‌های کاری | نامه‌ها و یادداشت‌های نوشتاری","مدیران آموزش و توسعه | مدیران منابع انسانی | مشاوران آموزشی","طراحی و برگزاری برنامه‌های آموزش و توسعه کارکنان.","تعیین نیازهای آموزشی کارکنان | طراحی محتوای آموزشی | انتخاب روش‌های آموزش | برگزاری کلاس‌های آموزشی | ارزیابی اثربخشی برنامه‌های آموزش"
"13-1161.00","تحلیل‌گران تحقیقات بازار و متخصصان بازاریابی (Market Research Analysts and Marketing Specialists)","تحلیل‌گر بازار | متخصص بازاریابی دیجیتال | متخصص برندسازی","3M Post-it App | AcaStat Software | Act! | Adaptive conjoint analysis ACA software | Adobe Acrobat | Adobe ActionScript | Adobe After Effects | Adobe Creative Cloud software | Adobe Dreamweaver | Adobe Illustrator | Adobe InDesign | Adobe Photoshop | Adxstudio, for Microsoft | Airtable | Amazon Redshift | AndersonBell Abstat | Apache Hadoop | Apache Hive | Apache Pig | Apple Final Cut Pro | Apple Keynote | Apple macOS | Aprimo Marketing | Asana | Basecamp | Blackbaud The Raiser's Edge | Canva | Cascading style sheets CSS | ClassApps SelectSurveyASP | Cytel LogXact | Cytel Software XLMiner | Data analysis software | Database software | Delphi Technology | Digivey software (expert system feature) | Digivey software (point of sale feature) | Dropbox | Drupal | Dynamic hypertext markup language DHTML | ESRI ArcGIS software | Evernote | Extensible hypertext markup language XHTML | Facebook | Factiva | FedBizOps | FileMaker Pro | Financial planning software | GLOBE Claritas | GMI NET-MR | Galilee Enterprise TargetPro | Geographic information system GIS marketing software | Google Ads | Google Analytics | Google Docs | Google Drive | Google Looker Analytics | Google Slides | GroupMe | HubSpot software | Hypertext markup language HTML | IBM Cognos Impromptu | IBM Information Management System (IMS) | IBM Intelligent Miner | IBM Notes | IBM SPSS Statistics | Insightful Corporation Confirmit | Insightful S-PLUS | Instagram | Intellimed | JavaScript | LexisNexis | LinkedIn | LogMeIn GoToMeeting | LogMeIn GoToWebinar | LogiXML Ad-HOC | Loom | Map Maker | Marketo Marketing Automation | Medstat/INFORUM | MicroStrategy | Microsoft Access | Microsoft Dynamics | Microsoft Excel | Microsoft Office software | Microsoft Outlook | Microsoft PowerPoint | Microsoft Project | Microsoft Publisher | Microsoft SQL Server | Microsoft SharePoint | Microsoft Visio | Microsoft Visual Basic | Microsoft Visual Basic for Applications VBA | Microsoft Word | Minitab | Mintel Reports | MySQL | NCR Teradata Warehouse Miner | Neoforma Healthcare Products Information Services HPIS Market Intelligence | NetSuite ERP | NortonLifeLock cybersecurity software | Oracle Business Intelligence Enterprise Edition | Oracle Darwin | Oracle Eloqua | Oracle Hyperion | Oracle PeopleSoft | PHP | Palisade StatTools | Perseus SurveySolutions | Provalis Research Simstat | Qlik Tech QlikView | R | Red Hat Enterprise Linux | SAP Business Objects | SAP Crystal Reports | SAP software | SAS | Salesforce software | Sawtooth Choice-Base Conjoint CBS | Sawtooth Composite Product Mapping CPM | Sawtooth SSI Web | Slack | SmugMug Flickr | Social media sites | StatPac | StataCorp Stata | Structured query language SQL | Survey software | TNS MarketWhys | TNS Miriad | Tableau | TechExcel ServiceWise | Teradata Database | The MathWorks MATLAB | Thomson Dialog | Thomson Financial Investext | TikTok | TranspoLink BidLeads | UNISTAT Statistical Package | Vantage MCIF | Verispan Patient Parameters | Walmart Retail Link | WeVideo | Web browser software | WinCross | WordPress | WorldAPP KeySurvey Suite | YouTube | Zoom","تفکر انتقادی | نوشتن | درک مطلب | گوش دادن فعال | صحبت‌کردن | یادگیری فعال | نظارت | ریاضیات | راهبردهای یادگیری","زبان انگلیسی | خدمات مشتری و خدمات شخصی | فروش و بازاریابی | ریاضیات | مدیریت و اداره | ارتباطات و رسانه | اداری | رایانه و الکترونیک | جامعه‌شناسی و مردم‌شناسی | روان‌شناسی | اقتصاد و حسابداری","استدلال استقرایی | درک نوشتاری | بیان شفاهی | بیان نوشتاری | سیالیت ایده | استدلال قیاسی | درک شنیداری | مرتب‌سازی اطلاعات | وضوح گفتار | انعطاف‌پذیری مقوله‌ای | بینایی نزدیک | حساسیت به مسئله | استدلال ریاضی | خلاقیت (اصالت فکر) | تشخیص گفتار | مهارت عددی | انعطاف‌پذیری بستار","ایمیل | صرف زمان به‌صورت نشسته | مکالمات تلفنی | آزادی عمل در تصمیم‌گیری | اهمیت دقیق یا صحیح بودن | تعیین وظایف، اولویت‌ها و اهداف | تعامل با دیگران | گفت‌وگوی رودررو با افراد و در درون تیم‌ها | فشار زمانی | در فضای سرپوشیده با کنترل محیطی | کار یا مشارکت با یک گروه یا تیم کاری | نامه‌ها و یادداشت‌های نوشتاری | تأثیر تصمیمات بر همکاران یا نتایج شرکت | سروکار داشتن با مشتریان خارجی یا عموم مردم | هماهنگی یا رهبری دیگران در انجام فعالیت‌های کاری","مدیران بازاریابی | متخصصان روابط عمومی | مدیران محتوا","تحقیق و تجزیه و تحلیل بازار و رفتار مصرف‌کننده.","طراحی و انجام تحقیقات بازار | تجزیه و تحلیل داده‌های بازار | ردگیری رقابتی و تحلیل رویه‌های رقیب | توسعه استراتژی‌های بازاریابی | ارائه گزارش‌های تحقیق"
"13-1161.01","استراتژیست‌های بازاریابی جستجو (Search Marketing Strategists)","متخصص SEO | مدیر تبلیغات جستجو | متخصص SEM","AJAX | Adobe Analytics | Adobe Dreamweaver | Adobe Photoshop | Ahrefs Site Explorer | Apache Solr | Atlas Search | Bing Ads | BrightEdge | Cascading style sheets CSS | Conductor Searchlight | Content management systems CMS | Customer information databases | Drupal | Elasticsearch | Email software | Facebook | Google | Google Ads | Google Analytics | Google Looker Analytics | Google Search Ads 360 | Google Tag Manager | Google Webmaster Tools | HubSpot software | Hypertext markup language HTML | IBM Digital Analytics | JamBoard | JavaScript | Kanoodle | LinkedIn | Majestic SEO | Marketo Marketing Automation | Microsoft ASP.NET | Microsoft Access | Microsoft Bing | Microsoft Dynamics | Microsoft Excel | Microsoft Office software | Microsoft Outlook | Microsoft PowerPoint | Microsoft Project | Microsoft SQL Server | Microsoft Visio | Microsoft Word | Moz search engine optimization SEO software | MySQL | Online databases | Open Source Matters Joomla! | Oracle Eloqua | Oracle Java | Oracle JavaServer Pages JSP | PHP | Pinterest | Python | Screaming Frog SEO Spider | Searchmetrics Suite | Semrush | Structured query language SQL | Tableau | Twitter | Web browser software | WhatsApp | WordPress | Yahoo! Email | YouTube | seoClarity","درک مطلب | یادگیری فعال | گوش دادن فعال | تفکر انتقادی | صحبت‌کردن | نوشتن | نظارت","فروش و بازاریابی | رایانه و الکترونیک | زبان انگلیسی | ارتباطات و رسانه | ریاضیات | خدمات مشتری و خدمات شخصی","درک شنیداری | درک نوشتاری | بیان شفاهی | بیان نوشتاری | سیالیت ایده | حساسیت به مسئله | استدلال قیاسی | تشخیص گفتار | وضوح گفتار | مرتب‌سازی اطلاعات | استدلال استقرایی | انعطاف‌پذیری مقوله‌ای | خلاقیت (اصالت فکر) | بینایی نزدیک | انعطاف‌پذیری بستار | توجه انتخابی","ایمیل | صرف زمان به‌صورت نشسته | آزادی عمل در تصمیم‌گیری | در فضای سرپوشیده با کنترل محیطی | مکالمات تلفنی | تعیین وظایف، اولویت‌ها و اهداف | گفت‌وگوی رودررو با افراد و در درون تیم‌ها | اهمیت دقیق یا صحیح بودن | فشار زمانی | تأثیر تصمیمات بر همکاران یا نتایج شرکت | کار یا مشارکت با یک گروه یا تیم کاری | تعامل با دیگران | سطح رقابت","متخصصان بازاریابی دیجیتال | مدیران محتوا | تحلیل‌گران تحقیقات بازار","توسعه و مدیریت استراتژی‌های بازاریابی جستجو.","تجزیه و تحلیل کلمات‌کلیدی و رتبه‌بندی | بهینه‌سازی وب‌سایت برای جستجو | مدیریت تبلیغات جستجو پرداختی | تجزیه و تحلیل داده‌های ترافیک | گزارش‌دهی ROI کمپین"
"13-1199.00","متخصصان عملیات تجاری، سایر (Business Operations Specialists, All Other)","متخصص عملیات | متخصص تجاری | کارشناس تجاری","Microsoft Excel | Microsoft Word | Microsoft PowerPoint | Microsoft Outlook | Microsoft Office software | Email software | Microsoft Access | Microsoft SharePoint | Web browser software | Database software | Google Docs | Calendar management software | Spreadsheet programs | Adobe Acrobat | Microsoft Project | Microsoft Power BI | Tableau | Structured query language SQL | Enterprise resource planning ERP system","درک مطلب | تفکر انتقادی | گوش دادن فعال | صحبت‌کردن | نوشتن | نظارت | یادگیری فعال | راهبردهای یادگیری","مدیریت و اداره | زبان انگلیسی | خدمات مشتری و خدمات شخصی | اقتصاد و حسابداری | رایانه و الکترونیک | ریاضیات | پرسنل و منابع انسانی | حقوق و دولت | فروش و بازاریابی | ارتباطات و رسانه","درک شنیداری | درک نوشتاری | بیان شفاهی | بیان نوشتاری | استدلال قیاسی | استدلال استقرایی | مرتب‌سازی اطلاعات | حساسیت به مسئله | بینایی نزدیک | وضوح گفتار | تشخیص گفتار | انعطاف‌پذیری مقوله‌ای | سیالیت ایده | خلاقیت (اصالت فکر) | توجه انتخابی | تقسیم توجه | تجسم ذهنی | به‌خاطرسپاری | استدلال ریاضی | مهارت عددی | سرعت ادراکی | انعطاف‌پذیری بستار","ایمیل | مکالمات تلفنی | گفت‌وگوی رودررو با افراد و در درون تیم‌ها | در فضای سرپوشیده با کنترل محیطی | صرف زمان به‌صورت نشسته | تعامل با دیگران | کار یا مشارکت با یک گروه یا تیم کاری | آزادی عمل در تصمیم‌گیری | تعیین وظایف، اولویت‌ها و اهداف | اهمیت دقیق یا صحیح بودن | فشار زمانی | نامه‌ها و یادداشت‌های نوشتاری | فراوانی تصمیم‌گیری | تأثیر تصمیمات بر همکاران یا نتایج شرکت | سروکار داشتن با مشتریان خارجی یا عموم مردم | هماهنگی یا رهبری دیگران در انجام فعالیت‌های کاری | سطح رقابت","متخصصان مدیریت پروژه | تحلیل‌گران مدیریت | مدیران عمومی و عملیات","حمایت از عملیات تجاری پیش‌تر و عملیات سازمانی.","سهولت‌بخشی به فرآیند‌های کسب‌وکار | جمع‌آوری و تجزیه و تحلیل داده‌های عملیاتی | تهیه گزارش‌های عملیاتی | پیشنهاد بهبود‌های فرآیند | نگهداری اسناد و پرونده‌های کسب‌وکار"
"13-1199.04","برنامه‌ریزان تداوم کسب‌وکار (Business Continuity Planners)","برنامه‌ریز بحران | متخصص بازیابی فاجعه | مدیر ریسک‌های تجاری","Actuate BIRT | Adobe Acrobat | Atlassian Confluence | Atlassian JIRA | Business continuity software | CA Clarity PPM | COOP Systems myCOOP | Computer operating systems | EMC RSA Archer Business Continuity Management | Emergency notification system software | Enterprise backup systems | Jaspersoft Business Intelligence Suite | Local area network LAN software | MIR3 Intelligent Notification | Mentimeter | Microsoft Access | Microsoft Excel | Microsoft Office software | Microsoft Outlook | Microsoft PowerPoint | Microsoft Project | Microsoft SQL Server | Microsoft SharePoint | Microsoft SharePoint Server | Microsoft Visio | Microsoft Word | Oracle JD Edwards EnterpriseOne | Oracle Primavera Enterprise Project Portfolio Management | RecoveryPlanner RPX | SAP Crystal Reports | ServiceNow | Strategic BCP ResilienceONE | Structured query language SQL | SunGard NotiFind | Sungard Assurance | Teradata Database | Virtual Corporation Sustainable Planner | Web browser software","گوش دادن فعال | تفکر انتقادی | درک مطلب | یادگیری فعال | صحبت‌کردن | نوشتن | نظارت | راهبردهای یادگیری","زبان انگلیسی | ایمنی و امنیت عمومی | مدیریت و اداره | خدمات مشتری و خدمات شخصی | رایانه و الکترونیک | آموزش و پرورش | ارتباطات و رسانه | اداری","حساسیت به مسئله | استدلال استقرایی | درک شنیداری | درک نوشتاری | بیان شفاهی | بیان نوشتاری | استدلال قیاسی | مرتب‌سازی اطلاعات | سیالیت ایده | تشخیص گفتار | وضوح گفتار | بینایی نزدیک | خلاقیت (اصالت فکر) | انعطاف‌پذیری بستار | انعطاف‌پذیری مقوله‌ای | توجه انتخابی","ایمیل | مکالمات تلفنی | صرف زمان به‌صورت نشسته | کار یا مشارکت با یک گروه یا تیم کاری | تعامل با دیگران | در فضای سرپوشیده با کنترل محیطی | هماهنگی یا رهبری دیگران در انجام فعالیت‌های کاری | تعیین وظایف، اولویت‌ها و اهداف | گفت‌وگوی رودررو با افراد و در درون تیم‌ها | آزادی عمل در تصمیم‌گیری | تأثیر تصمیمات بر همکاران یا نتایج شرکت | اهمیت دقیق یا صحیح بودن","متخصصان مدیریت پروژه | متخصصان مدیریت ریسک | مدیران عمومی و عملیات","توسعه برنامه‌های تداوم کسب‌وکار و بازیابی از بحران.","تجزیه و تحلیل ریسک‌های کسب‌وکار | توسعه برنامه‌های تداوم کسب‌وکار | برگزاری تمرین‌های بحران | نگهداری و به‌روزرسانی برنامه‌های بازیابی | ارائه نتایج ریسک به مدیریت"
"13-1199.05","متخصصان پایداری (Sustainability Specialists)","متخصص محیط‌زیست | کارشناس تعادل اجتماعی | مشاور پایداری","Adobe Acrobat | Adobe Creative Cloud software | Adobe Illustrator | Adobe InDesign | Adobe Photoshop | Autodesk AutoCAD | Autodesk AutoCAD Civil 3D | Autodesk Revit | Bentley MicroStation | Esri ArcGIS | Extensible markup language XML | Geographic information system GIS software | Google Analytics | Inventory management systems | JavaScript | Life cycle assessment LCA software | Microsoft Access | Microsoft Excel | Microsoft Office software | Microsoft Outlook | Microsoft Power BI | Microsoft PowerPoint | Microsoft Project | Microsoft Publisher | Microsoft SharePoint | Microsoft Visio | Microsoft Word | Online database search and retrieval software | Oracle Database | PE INTERNATIONAL GaBi | PE INTERNATIONAL SoFi | PRe Consultants SimaPro | Quark enterprise publishing software | SAP software | Social media sites | Structured query language SQL | Tableau | Web browser software","صحبت‌کردن | نوشتن | درک مطلب | گوش دادن فعال | تفکر انتقادی | نظارت | یادگیری فعال | راهبردهای یادگیری","مدیریت و اداره | حقوق و دولت | زبان انگلیسی | آموزش و پرورش | ساختمان و ساخت‌وساز | خدمات مشتری و خدمات شخصی | ارتباطات و رسانه | مهندسی و فناوری","درک نوشتاری | بیان نوشتاری | درک شنیداری | بیان شفاهی | استدلال قیاسی | استدلال استقرایی | وضوح گفتار | حساسیت به مسئله | مرتب‌سازی اطلاعات | خلاقیت (اصالت فکر) | تشخیص گفتار | سیالیت ایده | انعطاف‌پذیری مقوله‌ای | بینایی نزدیک | استدلال ریاضی","ایمیل | مکالمات تلفنی | گفت‌وگوی رودررو با افراد و در درون تیم‌ها | کار یا مشارکت با یک گروه یا تیم کاری | تعامل با دیگران | تعیین وظایف، اولویت‌ها و اهداف | صرف زمان به‌صورت نشسته | هماهنگی یا رهبری دیگران در انجام فعالیت‌های کاری | در فضای سرپوشیده با کنترل محیطی | آزادی عمل در تصمیم‌گیری | فشار زمانی | اهمیت دقیق یا صحیح بودن | نامه‌ها و یادداشت‌های نوشتاری","متخصصان محیط‌زیست | مدیران برنامه | متخصصان CSR","توسعه و اجرای برنامه‌های پایداری محیط‌زیستی و اجتماعی.","تعیین هدف‌های پایداری | نظارت بر تأثیرات محیط‌زیستی | طراحی برنامه‌های کاهش آلودگی و فضولات | گزارش‌دهی درباره پیشرفت پایداری | آموزش کارکنان درباره پایداری"
"13-1199.06","بازرگانان آنلاین (Online Merchants)","صاحب فروشگاه آنلاین | متخصص تجارت الکترونیکی | مدیر فروش آنلاین","AJAX | Adobe Dreamweaver | Adobe Photoshop | Apache Solr | Apache Struts | Apple macOS | Bing Ads | Bing for Power BI | Blogging software | C# | CCBill | Content management systems CMS | Drupal | Dynamic hypertext markup language DHTML | Enterprise JavaBeans | Extensible hypertext markup language XHTML | Extensible markup language XML | Facebook | Financial accounting software | Google Ads | Google Analytics | Google Checkout | Hypertext markup language HTML | IBM Digital Analytics | IBM Domino | IBM InfoSphere DataStage | IBM WebSphere | Intuit QuickBooks | Intuit QuickBoooks Payments | Inventory tracking software | JamBoard | JavaScript | LAMP Stack | Linux | Magento Analytics | Microsoft .NET Framework | Microsoft Access | Microsoft Dynamics | Microsoft Excel | Microsoft Office software | Microsoft Outlook | Microsoft PowerPoint | Microsoft Project | Microsoft SQL Server | Microsoft Visio | Microsoft Visual Studio | Microsoft Windows | Microsoft Word | Mobile application software | MyCommerce RegNow | MySQL | NetSuite ERP | Oracle Java | Oracle JavaServer Pages JSP | PHP | PayPal | PayPal Zettle | ProPay payment processing software | Relational database management software | Screencast-O-Matic | Search engine marketing SEM software | Search engine optimization SEO software | Search engine results pages SERP software | Shipment processing software | Shopify software | Snorasson Holdings CCNow | Square | Structured query language SQL | Tax software | Twitter | Web browser software | Webtrends software | WordPress | YouTube | e-check software | jQuery","درک مطلب | گوش دادن فعال | صحبت‌کردن | تفکر انتقادی | نوشتن | نظارت | ریاضیات","زبان انگلیسی | فروش و بازاریابی | خدمات مشتری و خدمات شخصی | ارتباطات و رسانه | مدیریت و اداره | رایانه و الکترونیک | اداری | ریاضیات | اقتصاد و حسابداری | تولید و فرآوری","درک نوشتاری | حساسیت به مسئله | بیان نوشتاری | بیان شفاهی | وضوح گفتار | تشخیص گفتار | بینایی نزدیک | استدلال قیاسی | درک شنیداری | استدلال استقرایی | مرتب‌سازی اطلاعات | استدلال ریاضی | انعطاف‌پذیری مقوله‌ای | سیالیت ایده | مهارت عددی","ایمیل | در فضای سرپوشیده با کنترل محیطی | مکالمات تلفنی | آزادی عمل در تصمیم‌گیری | گفت‌وگوی رودررو با افراد و در درون تیم‌ها | تعامل با دیگران | تعیین وظایف، اولویت‌ها و اهداف | صرف زمان به‌صورت نشسته | فراوانی تصمیم‌گیری | سروکار داشتن با مشتریان خارجی یا عموم مردم | اهمیت دقیق یا صحیح بودن | فشار زمانی | تأثیر تصمیمات بر همکاران یا نتایج شرکت | کار یا مشارکت با یک گروه یا تیم کاری | هماهنگی یا رهبری دیگران در انجام فعالیت‌های کاری | پیامدها و نتایج کاری سایر کارکنان | نامه‌ها و یادداشت‌های نوشتاری","مدیران بازاریابی | متخصصان بازاریابی دیجیتال | مدیران تجارت الکترونیکی","مدیریت فروشگاه‌های آنلاین و عملیات فروش الکترونیکی.","مدیریت محصولات و موجودی آنلاین | بهینه‌سازی وب‌سایت برای فروش | مدیریت پرداخت و تحویل | پاسخ به سؤالات مشتریان | تحلیل داده‌های فروش آنلاین"
"13-1199.07","متخصصان مدیریت امنیت (Security Management Specialists)","متخصص امنیت فیزیکی | کارشناس امنیت سایبری | مدیر برنامه‌های امنیت","Adobe Acrobat | Amazon Web Services AWS software | ArcSight Enterprise Threat and Risk Management | Chinotec Technologies Paros | Cisco Systems CiscoWorks | Customer information control system CICS | CyberArk | Database software | Firewall software | IBM Tivoli software | Intrusion prevention system IPS | JavaScript | Kismet | Linux | MITRE ATT&CK software | Management information systems MIS | McAfee | Metasploit | Microsoft Access | Microsoft Active Directory | Microsoft Azure software | Microsoft Excel | Microsoft Office software | Microsoft Outlook | Microsoft PowerPoint | Microsoft PowerShell | Microsoft SharePoint | Microsoft Visio | Microsoft Windows | Microsoft Word | Network directory services software | Nmap | NortonLifeLock cybersecurity software | Oracle Business Intelligence Enterprise Edition | Oracle Java | Photo editing software | Physical access management software | SAP Crystal Reports | SAP software | Secure web gateway software | Security assertion markup language SAML | ServiceNow | Single sign-on SSO | Social networking software | Splunk Enterprise | Structured query language SQL | Symantec PGP | Tenable Nessus | TrueCrypt | UNIX | Videoconferencing software | Virtual private networking VPN software | Web browser software","گوش دادن فعال | تفکر انتقادی | صحبت‌کردن | درک مطلب | نوشتن | نظارت | یادگیری فعال | راهبردهای یادگیری","ایمنی و امنیت عمومی | زبان انگلیسی | خدمات مشتری و خدمات شخصی | رایانه و الکترونیک | مدیریت و اداره | حقوق و دولت | پرسنل و منابع انسانی | آموزش و پرورش | مهندسی و فناوری | روان‌شناسی | طراحی","حساسیت به مسئله | بیان شفاهی | درک شنیداری | استدلال قیاسی | درک نوشتاری | بیان نوشتاری | استدلال استقرایی | مرتب‌سازی اطلاعات | بینایی نزدیک | انعطاف‌پذیری بستار | وضوح گفتار | سیالیت ایده | انعطاف‌پذیری مقوله‌ای | خلاقیت (اصالت فکر) | تشخیص گفتار | توجه انتخابی | بینایی دور | تجسم ذهنی | سرعت ادراکی","ایمیل | مکالمات تلفنی | گفت‌وگوی رودررو با افراد و در درون تیم‌ها | آزادی عمل در تصمیم‌گیری | تعامل با دیگران | تعیین وظایف، اولویت‌ها و اهداف | نامه‌ها و یادداشت‌های نوشتاری | در فضای سرپوشیده با کنترل محیطی | کار یا مشارکت با یک گروه یا تیم کاری | تأثیر تصمیمات بر همکاران یا نتایج شرکت | سروکار داشتن با مشتریان خارجی یا عموم مردم | صرف زمان به‌صورت نشسته | هماهنگی یا رهبری دیگران در انجام فعالیت‌های کاری | اهمیت دقیق یا صحیح بودن | فشار زمانی | فراوانی تصمیم‌گیری | سلامت و ایمنی سایر کارکنان","مدیران امنیت | افسران امنیت | مدیران خطرات و بیمه","توسعه و اجرای برنامه‌های امنیت فیزیکی و دیجیتال.","ارزیابی نیازهای امنیتی | طراحی برنامه‌های امنیت | نظارت بر سیستم‌های امنیت | آموزش کارکنان در امنیت | تحقیق در حوادث امنیتی"
"13-2011.00","حسابداران و حسابرسان (Accountants and Auditors)","حسابدار | حسابرس داخلی | متخصص مالی | حسابرس مالی","1099 ProsSoftware | ACCUCert | ACL Audit Exchange | ACL Business Assurance Analytics | ADP Super Report Writer | ADP Workforce Now | ATX Total Accounting Office | ATX Total Engagement Office | ATX Total Tax Office | Abacus Tax | Accountants Templates JAZZ-It! | Accounting compliance software | Accounting fraud detection software | Accounts payable software | Accounts receivable software | Accurate NXG | AcornSystems Corporate Performance Management | AcorynSystems Activity Based Costing/Management ABC/M | AdaptaSoft CyberPay | Adobe Acrobat | Advanced Micro Systems 1099-Etc | Alteryx software | American Riviera Magtax | Apache Solr | Arbutus Analyzer | Asset management software | Audit management software | Audit planning and control environment software | AuditWare CaseWare Examiner | AuditWare financial reporting and auditing software | Automated auditors fraud detector software | Automation Counselors municiPAL | Avalara AvaTax ST | BNA Corporate Tax Audit Analyzer | BNA Estate and Gift Tax Suite | BNA Income Tax Planning Solutions | BNA Sales and Use Tax Rates and Forms | Best MIP Fund Accounting | Best Software CPAPayroll | Bi3 Audit Intelligence | Bi3 Financial Statement Fraud Analysis | Billing software | BizBench | Blackbaud The Raiser's Edge | Brentmark Estate Planning Quickview | CCH ProSystem fx TAX | CCIS AccountAbility | CPSI EHR System | CYMA IV Accounting for Windows | Cammack Computations Inter-Est | Cartesis ES Magnitude | Cartesis Magnitude iAnalysis | CaseWare International IDEA | CaseWare International IDEA SmartAnalyzer | CaseWare Working Papers | CashFlow Guardian | Cebos MQ1 Audit System | Choice Technologies PowerBill + | Client billing software | Corel WordPerfect Office Suite | Corporate Responsibility System Technologies Limited Compliance Positioning System | Cost accounting software | Creative Solutions UltraTax 1040 | D'Arcangelo Galileo | Data entry software | Data extraction software | Database software | Datavantage | Delphi Technology | Digital analysis tests and statistics DATAS for Excel | Digital analysis tests and statistics DATAS for SAS | Document management system software | Eko | Epic Systems | Estate planning software | Evron Computer Systems SAGE PFW (Platinum For Windows) | Exact Software Macola ES | FRx Software Microsoft FRx | FileMaker Pro | Financial Competence | Financial reporting software | Financial statement software | Fixed-assets depreciation software | Fund accounting software | General ledger software | Google Docs | Google Sheets | Google Slides | Guidance Software EnCase Enterprise | H&R Block Tax | Healthcare common procedure coding system HCPCS | Heron CrossTie General Ledger | Human resource management software HRMS | IAD Audit Leverage | IBM Cognos Impromptu | IBM Notes | IBM Power Systems software | IBM SPSS Statistics | IDMS Account Ability | Income tax return preparation software | InformationActive ActiveData for Excel | Intellitax financial solutions software | Internal audit software | Intrax ProcedureNet | Intuit Lacerte | Intuit ProSeries | Intuit QuickBooks | Intuit TurboTax | Invoice software | Iron Mountain Accutrac records management software | KPB Associates TaxStream | Kirix ProffiPoint | Lawson ERP | Lead Activity Analyzer | Lead Business Analyzer | LexisNexis | Lumigent Entegra | MEDITECH software | MRO Audit Tracker | Medical condition coding software | Medical procedure coding software | MethodWare ProAudit Advisor | Micronetics Xpert Write-up | Microsoft Access | Microsoft Dynamics | Microsoft Dynamics GP | Microsoft Dynamics NAV | Microsoft Dynamics SL | Microsoft Excel | Microsoft Exchange | Microsoft FRx | Microsoft Office software | Microsoft OneNote | Microsoft Outlook | Microsoft PowerPoint | Microsoft Project | Microsoft Publisher | Microsoft SQL Server | Microsoft SharePoint | Microsoft Visio | Microsoft Visual Basic | Microsoft Visual Basic for Applications VBA | Microsoft Windows | Microsoft Word | Microsoft Works | Multiview Accounts Receivable | NetSuite ERP | New Millennium Communications Genesis Accounting | NewPortWave Year End Solutions | NortonLifeLock cybersecurity software | OSI TrustWise | OmniRIM Records Management Suite | Oracle Business Intelligence Enterprise Edition | Oracle Database | Oracle E-Business Suite Financials | Oracle Fusion Applications | Oracle Hyperion | Oracle JD Edwards EnterpriseOne | Oracle PeopleSoft | Oracle PeopleSoft Financials | Oracle Primavera Enterprise Project Portfolio Management | PROPHIX Enterprise | Paisley AutoAudit | Paisley Cardmap | Paisley Focus Control Assurance | Paisley IssueTrack | Paisley RiskNavigator | Palisade @Risk | Payroll software | Pentana audit work system PAWS | Pleier Audit Management System | Practice management software PMS | PricewaterhouseCoopers TeamMate | Pro Systems Client Write-Up System for Windows | Profit Developers Electronic File Interchange | Qlik Tech QlikView | R | RSM McGladrey Advanced Practice Solutions Paperless Audit | RSM McGladrey Auditor Assistant | Recovery audit software | Roundtable Software Advantage Accounting System | SAP Business Objects | SAP BusinessObjects Data Integrator | SAP Concur | SAP Crystal Reports | SAP software | SAS | Sage 300 Construction and Real Estate | Sage 50 Accounting | Sage BusinessWorks | Sage CPAAccounts Payable | Sage CPAAccounts Receivable | Sage CPAClient Checkbook | Sage CPADocument Manager | Sage EDP Payroll Tax | Sage ERP Accpac | Sage HRMS | Sage HandiSoft HandiLedger | Sage MAS 200 ERP | Sage MAS 500 | Sage Platinum for Windows PFW | Sageworks ProfitCents | Salesforce software | Sampson Data Pattern Index software | Softrax Revenue Management | Solutions Technology & Software HR Premier | Star Software Fixed Asset Depreciation | Star Software Materiality Calculator | Structured query language SQL | Summit Software Summit Biofuels Accounting | Swift | Sync Essentials Trade Accountant | Tableau | Tax compliance property tax management software | Tax software | TechSmith Camtasia | Teradata Database | Thomson Creative Solutions Engagement CS | Thomson Creative Solutions Financial Analysis CS | Thomson GoSystem Tax | Thomson PPC e-Tools Suite | Thomson Reuters Risk Management | TimeValue software | TopCAATs | TrendTracker Compliance Solution | Tropics workers' compensation software | Tumbleweed SecureTransport | UA Business Software Professional Edition | UNIX | Universal Tax Systems TaxWise | WizSoft WizRule | WizSoft WizWhy | WorkForce Software EmpCenter Time and Attendance | Workday software | Yardi Systems Yardi Enterprise | Yardi software | eXtensible Business Reporting Language XBRL","درک مطلب | گوش دادن فعال | صحبت‌کردن | تفکر انتقادی | نوشتن | نظارت | ریاضیات | یادگیری فعال","اقتصاد و حسابداری | زبان انگلیسی | ریاضیات | مدیریت و اداره | خدمات مشتری و خدمات شخصی | حقوق و دولت | اداری | رایانه و الکترونیک","درک شنیداری | درک نوشتاری | بیان شفاهی | استدلال استقرایی | بینایی نزدیک | بیان نوشتاری | حساسیت به مسئله | استدلال قیاسی | مرتب‌سازی اطلاعات | استدلال ریاضی | وضوح گفتار | تشخیص گفتار | انعطاف‌پذیری مقوله‌ای | مهارت عددی | سرعت ادراکی | انعطاف‌پذیری بستار","ایمیل | مکالمات تلفنی | اهمیت دقیق یا صحیح بودن | گفت‌وگوی رودررو با افراد و در درون تیم‌ها | در فضای سرپوشیده با کنترل محیطی | تعامل با دیگران | صرف زمان به‌صورت نشسته | تأثیر تصمیمات بر همکاران یا نتایج شرکت | کار یا مشارکت با یک گروه یا تیم کاری | فشار زمانی | تعیین وظایف، اولویت‌ها و اهداف | آزادی عمل در تصمیم‌گیری | فراوانی تصمیم‌گیری | نامه‌ها و یادداشت‌های نوشتاری | اهمیت تکرار وظایف یکسان | سروکار داشتن با مشتریان خارجی یا عموم مردم | پیامدها و نتایج کاری سایر کارکنان","مدیران مالی | CFO | تحلیل‌گران مالی | مشاوران مالی","نگهداری و بررسی سوابق مالی و تهیه گزارش‌های مالی.","ثبت تراکنش‌های مالی | تهیه صورت‌های مالی | انجام تحقیقات حسابرسی | شناسایی و اصلاح اشتباهات مالی | اطمینان از انطباق با استانداردهای حسابداری"
"13-2022.00","ارزیابان ملکیت شخصی و تجاری (Appraisers of Personal and Business Property)","ارزیاب | متخصص ارزیابی | کارشناس برآورد قیمت","Ascend Property Assessment | Bruno Realty eNeighboorhoods | CPR Visual Estimator | Computer assisted mass appraisal CAMA software | Cost estimating software | HP 49G+ Appraiser Fee Calculator | Mass appraisal records system MARS | Microsoft Access | Microsoft Excel | Microsoft Office software | Microsoft Outlook | Microsoft PowerPoint | Microsoft Windows | Microsoft Word | Web browser software | Wilson's Computer Applications RealEasy Appraisals | WinEstimator WinEst | WinGap | Yardi software","درک مطلب | تفکر انتقادی | نوشتن | گوش دادن فعال | صحبت‌کردن | یادگیری فعال","زبان انگلیسی | خدمات مشتری و خدمات شخصی | ریاضیات | اداری | مدیریت و اداره | رایانه و الکترونیک","درک شنیداری | بینایی نزدیک | درک نوشتاری | بیان شفاهی | تشخیص گفتار | وضوح گفتار | استدلال قیاسی | استدلال استقرایی | بیان نوشتاری | مرتب‌سازی اطلاعات | انعطاف‌پذیری مقوله‌ای | حساسیت به مسئله | استدلال ریاضی | مهارت عددی | بینایی دور | تشخیص رنگ بینایی | توجه انتخابی","ایمیل | مکالمات تلفنی | اهمیت دقیق یا صحیح بودن | تعیین وظایف، اولویت‌ها و اهداف | آزادی عمل در تصمیم‌گیری | تعامل با دیگران | تأثیر تصمیمات بر همکاران یا نتایج شرکت | فشار زمانی | گفت‌وگوی رودررو با افراد و در درون تیم‌ها | صرف زمان به‌صورت نشسته | نامه‌ها و یادداشت‌های نوشتاری | فراوانی تصمیم‌گیری | سروکار داشتن با مشتریان خارجی یا عموم مردم | در فضای سرپوشیده با کنترل محیطی","ارزیابان ملکی | تحلیل‌گران مالی | بیمه‌گزاران","ارزیابی ارزش ملکیت شخصی و تجاری برای بیمه یا معاملات.","بررسی ملک و ارزیابی وضعیت آن | تحقیق بازار برای قیمت‌های مقایسه | تهیه گزارش‌های ارزیابی تفصیلی | ارائه توصیات درباره ارزش ملک"
"13-2023.00","ارزیابان و دستیاران ملک (Appraisers and Assessors of Real Estate)","ارزیاب ملک | دستیار ملک | کارشناس ملک","ACI Appraiser's Choice | Apex IV Assessor | Apex IV Fee Appraiser | Apex MobileSketch | Apple iOS | Ascend Property Assessment | Bradford ClickFORMS | Bruno Realty eNeighboorhoods | Business Management Systems Municipal Geographic Management System MGMS | CPR International GeneralCOST Estimator | CPR Visual Estimator | Compass Municipal Services CAMAlot | Computer assisted mass appraisal CAMA software | Concierge Systems Report Concierge | Construction Management Software ProEst | Cost estimating software | Database software | Emerald Data Deed-Chek | FBS Data Systems Flexmls | GCS Property Assessment and Tax Billing | Geographic information system GIS systems | Geomechanical design analysis GDA software | Google Meet | Google Workspace software | Govern Software GovMap | Govern Software Land and Permits Management System | Greenbrier Graphics Deed Plotter | HP 49G+ Appraiser Fee Calculator | Hansen CAMA | Howard and Friends Computer CMA Plus | Informatik MapDraw Deed Mapper | Manatron CustomCAMA | Manatron MVP Tax | Manatron ProVal Plus | Manufacturing Technology Costimater | Mass appraisal records system MARS | MicroSolve CAMA | Microsoft Access | Microsoft Excel | Microsoft Office software | Microsoft Outlook | Microsoft PowerPoint | Microsoft Windows | Microsoft Word | Modellium PariTOP | Multiple listing service software | Online title search and property report software | REI Wise Commercial | RPIS Silent CMA | Real Edge | Real Estate Center Caparate Calculator | RealData Comparative Lease Analysis | Realty Tools Toolkit for Market Share | Softree Technical Systems Terrain Tools | TietoEnator ProMatch | ValueTech Report Builder | Visual PAMSPro | Web browser software | Wilson's Computer Applications RealEasy Appraisals | Wilson's Computer Applications RealEasy Photos Plus | WinEstimator WinEst | WinGap | Yardi software | a la mode Pocket TOTAL | a la mode WinTOTAL | eTrac","درک مطلب | گوش دادن فعال | تفکر انتقادی | نوشتن | صحبت‌کردن","زبان انگلیسی | ریاضیات | ساختمان و ساخت‌وساز | خدمات مشتری و خدمات شخصی | اقتصاد و حسابداری | رایانه و الکترونیک | مدیریت و اداره | حقوق و دولت | جغرافیا","بینایی نزدیک | تشخیص گفتار | درک شنیداری | وضوح گفتار | بیان شفاهی | درک نوشتاری | استدلال استقرایی | استدلال قیاسی | بیان نوشتاری | انعطاف‌پذیری مقوله‌ای | بینایی دور | مهارت عددی | مرتب‌سازی اطلاعات | حساسیت به مسئله | توجه انتخابی | انعطاف‌پذیری بستار | استدلال ریاضی","ایمیل | مکالمات تلفنی | اهمیت دقیق یا صحیح بودن | فشار زمانی | آزادی عمل در تصمیم‌گیری | تعیین وظایف، اولویت‌ها و اهداف | در وسیله نقلیه سرپوشیده یا کار با تجهیزات سرپوشیده | نامه‌ها و یادداشت‌های نوشتاری | گفت‌وگوی رودررو با افراد و در درون تیم‌ها | در فضای باز، در معرض همه شرایط جوی | تعامل با دیگران | صرف زمان به‌صورت نشسته | در فضای سرپوشیده با کنترل محیطی | فراوانی تصمیم‌گیری","مدیران ملک | تحلیل‌گران مالی | متخصصان ملک","ارزیابی ارزش ملک و زمین برای خرید و فروش.","بازرسی ملک و بررسی وضعیت ساختمانی | تحقیق بازار برای ملک‌های مشابه | تحلیل عوامل اقتصادی و محلی | تهیه گزارش‌های ارزیابی ملک | ارائه شهادت در دادگاه در مورد ارزش ملک"
"13-2031.00","تحلیل‌گران بودجه (Budget Analysts)","متخصص بودجه | تحلیل‌گر مالی | کارشناس بودجه","Adaptive Planning | Budget monitoring systems | Budgeting, forecasting, and planning software | Business Objects Data Integrator | Business performance management BPM software | Deltek Costpoint | Email software | Everest Software Advanced | Extensity MPC | FRx Software Microsoft Forecaster | Financial reporting software | Fund accounting software | Graphics software | Human resources management system HRMS | Hyperion Enterprise | IBM Cognos Business Intelligence | IBM Cognos Planning | Lilly Software Associates VISUAL Enterprise | Microsoft Access | Microsoft Dynamics GP | Microsoft Excel | Microsoft FRx | Microsoft Office software | Microsoft Outlook | Microsoft Power BI | Microsoft PowerPoint | Microsoft SharePoint | Microsoft Visual Basic | Microsoft Visual Basic.NET | Microsoft Word | NetSuite NetERP | Online analytical processing OLAP software | Open Systems TRAVERSE | Oracle E-Business Suite Financials | Oracle Hyperion | Oracle PeopleSoft Enterprise | Oracle PeopleSoft Financials | Oracle Performance Management Suites | OutlookSoft | Payroll software | Relational database software | Revelwood | SAP Business One | SAP BusinessObjects Crystal Reports | SAP Crystal Xcelsius | SAP software | Sage Active Planner | Sage ERP Accpac | Sage MAS 200 ERP | Sage MAS 90 ERP | Satori Group proCube | Statistical software | Structured query language SQL | Time and attendance software | Ultimate Software UltiPro Workplace | Valiant Vantage","ریاضیات | تفکر انتقادی | درک مطلب | گوش دادن فعال | صحبت‌کردن | یادگیری فعال | نوشتن | نظارت","اقتصاد و حسابداری | ریاضیات | زبان انگلیسی | مدیریت و اداره | اداری | رایانه و الکترونیک | خدمات مشتری و خدمات شخصی","درک شنیداری | درک نوشتاری | بیان شفاهی | استدلال ریاضی | مهارت عددی | حساسیت به مسئله | استدلال قیاسی | مرتب‌سازی اطلاعات | وضوح گفتار | بیان نوشتاری | استدلال استقرایی | بینایی نزدیک | تشخیص گفتار | انعطاف‌پذیری مقوله‌ای | توجه انتخابی | سرعت ادراکی | سیالیت ایده","ایمیل | صرف زمان به‌صورت نشسته | کار یا مشارکت با یک گروه یا تیم کاری | مکالمات تلفنی | اهمیت تکرار وظایف یکسان | اهمیت دقیق یا صحیح بودن | فراوانی تصمیم‌گیری | تعیین وظایف، اولویت‌ها و اهداف | هماهنگی یا رهبری دیگران در انجام فعالیت‌های کاری | تعامل با دیگران | گفت‌وگوی رودررو با افراد و در درون تیم‌ها | فشار زمانی | آزادی عمل در تصمیم‌گیری | تأثیر تصمیمات بر همکاران یا نتایج شرکت | سروکار داشتن با مشتریان خارجی یا عموم مردم | صرف زمان برای انجام حرکات تکراری | پیامدها و نتایج کاری سایر کارکنان | در فضای سرپوشیده با کنترل محیطی | صرف وقت برای استفاده از دست برای نگاهداری، کنترل یا احساس اشیاء، ابزار یا کنترل‌ها | نامه‌ها و یادداشت‌های نوشتاری","مدیران مالی | متخصصان امور مالی | تحلیل‌گران مالی","تجزیه و تحلیل بودجه و کمک به برنامه‌ریزی مالی.","بررسی درخواست‌های بودجه | تجزیه و تحلیل هزینه‌ها و درآمدها | تهیه گزارش‌های بودجه و پیش‌بینی | نظارت بر هزینه‌های واقعی | توصیه‌ی تعدیل‌های بودجه"
"13-2041.00","تحلیل‌گران اعتباری (Credit Analysts)","متخصص اعتبار | تحلیل‌گر ریسک | کارشناس وام","CGI-AMS BureauLink Enterprise | CGI-AMS CACS Enterprise | CGI-AMS Strata | Credit adjudication and lending management system CALMS | Credit and risk analysis software | Credit fraud detection software | Dun and Bradstreet Global DecisionMaker | Equifax Advanced Decisioning | Equifax Application Engine | Equifax InterConnect | Experian Credinomics | Experian Detect | Experian FraudShield | Experian Quest | Experian Retention Triggers | Experian Strategy Management | Experian Transact SM | Fair Isaac Application Risk Model Software | Fair Isaac Capstone Decision Manager | Fair Isaac Falcon ID | Microsoft Dynamics | Microsoft Excel | Microsoft Office software | Microsoft Outlook | Microsoft PowerPoint | Microsoft SQL Server | Microsoft Visual Basic | Microsoft Visual Basic for Applications VBA | Microsoft Word | Moody's KMV CreditEdge | Moody's KMV Decisions | Moody's KMV Financial Analyst | Moody's KMV Risk Advisor | Moody's KMV Risk Analyst | Oracle Business Intelligence Enterprise Edition | Oracle JD Edwards EnterpriseOne | Python | SAP software | SAS | Structured query language SQL | eCredit Enterprise","تفکر انتقادی | یادگیری فعال | درک مطلب | صحبت‌کردن | گوش دادن فعال | ریاضیات | نوشتن | نظارت","اقتصاد و حسابداری | ریاضیات | زبان انگلیسی | حقوق و دولت | اداری","بیان شفاهی | درک نوشتاری | استدلال استقرایی | درک شنیداری | حساسیت به مسئله | استدلال قیاسی | استدلال ریاضی | مهارت عددی | بینایی نزدیک | مرتب‌سازی اطلاعات | بیان نوشتاری | تشخیص گفتار | انعطاف‌پذیری مقوله‌ای | وضوح گفتار | سرعت ادراکی | انعطاف‌پذیری بستار","در فضای سرپوشیده با کنترل محیطی | ایمیل | صرف زمان به‌صورت نشسته | مکالمات تلفنی | گفت‌وگوی رودررو با افراد و در درون تیم‌ها | اهمیت دقیق یا صحیح بودن | تعیین وظایف، اولویت‌ها و اهداف | فشار زمانی | اهمیت تکرار وظایف یکسان | نامه‌ها و یادداشت‌های نوشتاری | آزادی عمل در تصمیم‌گیری | تعامل با دیگران | فراوانی تصمیم‌گیری","مدیران اعتبار | تحلیل‌گران مالی | متخصصان امور مالی","ارزیابی درخواست‌های وام و تعیین شایستگی اعتباری.","بررسی درخواست‌های وام | تجزیه و تحلیل گزارش‌های مالی متقاضی | ارزیابی ریسک اعتباری | تهیه گزارش‌های تجزیه و تحلیل اعتبار | مصاحبه با متقاضی برای جمع‌آوری اطلاعات"
"13-2051.00","تحلیل‌گران مالی و سرمایه‌گذاری (Financial and Investment Analysts)","تحلیل‌گر سرمایه‌گذاری | کارشناس سهام | متخصص اوراق بهادار","ADP Workforce Now | Advanced Portfolio Technologies Report Builder | Advanced Portfolio Technologies Simulator | Alteryx software | Analyse-it | AnalyzerXL | Annuities analysis software | Apache Hive | Apache Pig | Apple AppleWorks | Apple Keynote | Aspen Graphics Technical Analysis Software | BizBench | BizPricer | Bloomberg Professional | Business Forecast Systems Forecast Pro | Business intelligence software | Corel QuattroPro | Data visualization software | DealMaven Comparable Company Valuation Analysis | DealMaven M&A Accretion/Dilution One-Pager | DealMaven Modeling ToolPack for Excel | DealMaven PresLink for PowerPoint and Word | Decisioneering Crystal Ball | Delphi Technology | Derivatives Imagine Trading System | Derivicom FinOptions XL | Economic forecasting software | Email software | Experian Credinomics | Express Business Valuations | FileMaker Pro | FinEng Solutions PerfoRM | FinEng Solutions Quantis | Financial modeling software | Fractal pattern analysis software | Fund accounting software | Genetic algorithm optimization software | Genetic algorithm software | Google Docs | Google Slides | Harland Financial Solutions DecisionPro | Human resource management software HRMS | I-flex Solutions Reveleus Investment Performance Measurement | IBM Cognos Impromptu | IBM Lotus 1-2-3 | IBM Lotus Approach | IBM Notes | IBM Power Systems software | IBM SPSS Statistics | Innova Financial Solutions Derivatives Expert | Intuit QuickBooks | Ivorix Neurostrategy Finance | Keypoint DataDesk | Leading Market Technologies EXPO | LexisNexis | Longview Consolidation | Longview Performance Management Platform | Longview Solutions Khalix | Market forecast software | Marketo Marketing Automation | Mathematical software | Matheny Pattern Forecaster Plus | MergerStat Control Premiums | MergerStat Price to Earnings Ratios | MicroStrategy | Microsoft Access | Microsoft Dynamics | Microsoft Dynamics GP | Microsoft Excel | Microsoft Exchange | Microsoft Office software | Microsoft OneNote | Microsoft Outlook | Microsoft Power BI | Microsoft PowerPoint | Microsoft Project | Microsoft SQL Server | Microsoft SQL Server Reporting Services SSRS | Microsoft SharePoint | Microsoft SharePoint Server | Microsoft Visio | Microsoft Visual Basic | Microsoft Visual Basic for Applications VBA | Microsoft Word | MoneySoft Corporate Valuation | Monte Carlo simulation software | Montgomery Investment Technology Bonds XL | Montgomery Investment Technology Exotics XL | Montgomery Investment Technology FinTools | Montgomery Investment Technology Options XL | Montgomery Investment Technology QuoteTools | Montgomery Investment Technology Risk XL | Montgomery Investment Technology SigTools | Montgomery Investment Technology Utility XL | Moody's KMV CreditEdge | Moody's RiskCalc | Moss Adams Profit Mentor | Mutual fund analysis software | NetSuite ERP | Neural network modeling software | NeuroSolutions Trading Solutions | NeuroSolutions for MatLab | OptionVue Options Analysis | Oracle Business Intelligence Enterprise Edition | Oracle Database | Oracle E-Business Suite Financials | Oracle Essbase | Oracle Fusion Applications | Oracle Hyperion | Oracle Hyperion Financial Management | Oracle JD Edwards EnterpriseOne | Oracle PeopleSoft | Oracle PeopleSoft Financials | Oracle Primavera Enterprise Project Portfolio Management | Palisade Bond @nalyst | Palisade Evolver | Palisade StatTools | Pattern recognition software | Peer-to-Peer Financial Analysis | Perforce Helix software | Pi Blue OptWorks Excel | Portfolio management software | Pricing software | Qlik Tech QlikView | Quantifying marketability discount QMD modeling software | R | Report generation software | Reporting software | RiskMetrics Group WealthBench | SAP Business Objects | SAP BusinessObjects Data Integrator | SAP Crystal Reports | SAP software | SAS | SAS JMP | SSA Global Infinium Financial Management | Sage 50 Accounting | Salesforce software | Securities analysis software | Spreadware Business Financial Analysis | Spreadware Business Valuator | Spreadware Pro Forma | StataCorp Stata | Steele Mutual Fund and Variable Annuity Expert | Structured query language SQL | SunGard BancWare | SunGard Kiodex Risk Workbench | Tableau | Tax software | TechHackers Convertible Bond @nalyst | TechHackers Credit @nalyst | TechHackers Exotic @nalyst | TechHackers Financial @nalyst | TechHackers IRO @nalyst | TechHackers MBS @nalyst | TechHackers Swap @nalyst | Teradata Database | Tetrahex Fractal Finance | The MathWorks MATLAB | TickQuest NeoTicker | Tips Standard Securities Calculation Bond Analytics Module | Tips Standard Securities Calculation Mortgage-Backed Analytics Module | TradeTools Financial Market Databases | TradeTools Monthly U.S. Economic Database | Trendsetter Software ProAnalyst | Unlimited Learning Resources Valusource Pro | ValuSource BIZCOMPS | Ward Systems Group GeneHunter | Ward Systems Group NeuralShell Predictor | Ward Systems Group NeuroShell Trader | Web browser software | Whitebirch Software Projected Financials | Wolfram Research Derivatives | Wolfram Research Mathematica | Wolfram Research Mathematica Finance Essentials | Wolfram Research Mathematica UnRisk Pricing Engine | Workday software | Yardi software | dailyVest Investment Personalization Platform","درک مطلب | تفکر انتقادی | ریاضیات | یادگیری فعال | نوشتن | صحبت‌کردن | گوش دادن فعال | علوم | نظارت","اقتصاد و حسابداری | ریاضیات | زبان انگلیسی | مدیریت و اداره | رایانه و الکترونیک | حقوق و دولت | خدمات مشتری و خدمات شخصی | فروش و بازاریابی","درک شنیداری | درک نوشتاری | بیان شفاهی | بیان نوشتاری | استدلال قیاسی | استدلال استقرایی | مرتب‌سازی اطلاعات | حساسیت به مسئله | بینایی نزدیک | وضوح گفتار | تشخیص گفتار | انعطاف‌پذیری مقوله‌ای | سیالیت ایده | خلاقیت (اصالت فکر) | توجه انتخابی | تقسیم توجه | تجسم ذهنی | به‌خاطرسپاری | استدلال ریاضی | مهارت عددی | سرعت ادراکی | انعطاف‌پذیری بستار","ایمیل | مکالمات تلفنی | گفت‌وگوی رودررو با افراد و در درون تیم‌ها | در فضای سرپوشیده با کنترل محیطی | صرف زمان به‌صورت نشسته | تعامل با دیگران | کار یا مشارکت با یک گروه یا تیم کاری | آزادی عمل در تصمیم‌گیری | تعیین وظایف، اولویت‌ها و اهداف | اهمیت دقیق یا صحیح بودن | فشار زمانی | نامه‌ها و یادداشت‌های نوشتاری | فراوانی تصمیم‌گیری | تأثیر تصمیمات بر همکاران یا نتایج شرکت | سروکار داشتن با مشتریان خارجی یا عموم مردم | سطح رقابت | هماهنگی یا رهبری دیگران در انجام فعالیت‌های کاری","مدیران سرمایه‌گذاری | مدیران صندوق | مشاوران مالی","تجزیه و تحلیل فرصت‌های سرمایه‌گذاری و ارائه توصیات سرمایه‌گذاری.","تحقیق درباره شرکت‌ها و صنایع | تجزیه و تحلیل صورت‌های مالی | ارزیابی ارزش سهام و اوراق بهادار | تهیه گزارش‌های تحقیق سرمایه‌گذاری | ارائه توصیات خرید و فروش"
"13-2052.00","مشاوران مالی شخصی (Personal Financial Advisors)","مشاور مالی | متخصص برنامه‌ریزی مالی | مشاور سرمایه‌گذاری","ACT! ACT4Advisors | ASI Client Acquisition Solution | Advent Axys | AdviceAmerica AdvisorVision | Advisory World ICE | Asset allocation software | Automatic Data Processing ProxyEdge | Brentmark Stock Option Risk Analyzer | Cabinet NG CNG-SAFE | Cheshire Financial Planning Suite | ComplianceMAX | Corel QuattroPro | Cygnus IncomeMax | DataViz Beyond Contacts | EISI NaviPlan | EZ-Data Client Data System | Education planning software | Estate Capitol Needs Analysis | Estate planning software | ExpenseWatch | FileMaker Pro | Finance Logix Education Planner | Finance Logix Insurance Planner | Finance Logix Retirement Planner | Financeware AASim | Financeware Finance File Manager | Financeware WealthSimulator | Financial Planning Consultants Practice Builder | Financial Profiles Profiles+ Professional | Financial planning presentation software | Financial planning software | Financial report generation software | Fund accounting software | Getting Things Done GTD software | Host Analytics Host Budget | IBM Domino | IBM Lotus 1-2-3 | IMPACT Wealth Distribution Analysis | Ibbotson Analyst | Ibbotson Portfolio Strategist | Impact PlanLabX3 | Investigo | Investment and business valuation template software | Investment tracking software | J&L Financial Planner | Junxure CRM Software | MasterPlan | Microsoft Access | Microsoft Business Contact Manager | Microsoft Dynamics | Microsoft Excel | Microsoft Money | Microsoft Office software | Microsoft Outlook | Microsoft PowerPoint | Microsoft Project | Microsoft SQL Server | Microsoft Visual Basic | Microsoft Word | MoneyTree Silver Financial Planner (financial analysis feature) | MoneyTree Silver Financial Planner (presentation feature) | Monte Carlo simulation software | Morningstar Principia | Needs analysis software | Net Worth Strategies Stock Opter Pro | Optima IAS | Oracle E-Business Suite Financials | Oracle Hyperion | Oracle PeopleSoft Financials | PIE Technologies MoneyGuidePro | Pimlico Software DateBk | PlanPlus Pro | PlanScan Portfolio Pathfinder | Portfolio management software | Practice management software PMS | ProTracker Advantage | Quicken | Redtail Technology Our Business Online | Retirement planning software | Sage 50 Accounting | Salesforce software | Sawhney ExecPlan | ScanSoft PaperPort Pro | ScenarioNow RetireNow | Structured query language SQL | SunGard Frontier | SunGard LockBox | SunGard PlanningStation | SunGard WebPlaid | Swift | Tax planning software | The Omni Group OmniPlan | Thomson ONE Advisor | Torrid Retirement Planner | Unger Software Methusaleh | WealthTec AllocationPro | WealthTec Foundations | WealthTec WealthMaster | Web Information Solutions Pocket Informant | Web browser software | World Software Corporation Worldox | eMoneyAdvisor AdvisorPlatform","درک مطلب | گوش دادن فعال | صحبت‌کردن | نوشتن | تفکر انتقادی | ریاضیات | یادگیری فعال | نظارت | راهبردهای یادگیری","خدمات مشتری و خدمات شخصی | اقتصاد و حسابداری | زبان انگلیسی | ریاضیات | روان‌شناسی","درک شنیداری | درک نوشتاری | بیان شفاهی | وضوح گفتار | استدلال استقرایی | بینایی نزدیک | بیان نوشتاری | استدلال قیاسی | مهارت عددی | تشخیص گفتار | حساسیت به مسئله | استدلال ریاضی | مرتب‌سازی اطلاعات | سیالیت ایده | انعطاف‌پذیری مقوله‌ای | خلاقیت (اصالت فکر)","ایمیل | در فضای سرپوشیده با کنترل محیطی | اهمیت دقیق یا صحیح بودن | مکالمات تلفنی | صرف زمان به‌صورت نشسته | تعیین وظایف، اولویت‌ها و اهداف | تأثیر تصمیمات بر همکاران یا نتایج شرکت | گفت‌وگوی رودررو با افراد و در درون تیم‌ها | فراوانی تصمیم‌گیری | آزادی عمل در تصمیم‌گیری | تعامل با دیگران | سروکار داشتن با مشتریان خارجی یا عموم مردم | فشار زمانی | سطح رقابت","مدیران سرمایه‌گذاری | متخصصان امور مالی | مشاوران مالی مستقل","ارائه مشاوره مالی و برنامه‌ریزی مالی برای مشتریان.","ارزیابی نیازهای مالی مشتری | توسعه برنامه‌های برنامه‌ریزی مالی شخصی | ارائه توصیات سرمایه‌گذاری | مدیریت پورتفولیو سرمایه‌گذاری | تحدیث برنامه‌های مالی"
